image_id,parent_image_id,label,class_name_readable,relative_path,image_path,source,generation_method,external_generator_note,clip_intended_score,clip_best_label,clip_margin
synthetic_32_0,32,0,Black footed Albatross,class_000\img00032_aug00.jpg,C:\Users\abuba\OneDrive\Desktop\GEN_AI\project\outputs\samples\synthetic_candidates\class_000\img00032_aug00.jpg,synthetic,foreground_preserving_background_swap,,0.17654238641262054,82,-0.14791060984134674
synthetic_51_0,51,0,Black footed Albatross,class_000\img00051_aug00.jpg,C:\Users\abuba\OneDrive\Desktop\GEN_AI\project\outputs\samples\synthetic_candidates\class_000\img00051_aug00.jpg,synthetic,foreground_preserving_background_swap,,0.1811225414276123,86,-0.11441582441329956
synthetic_77_0,77,1,Laysan Albatross,class_001\img00077_aug00.jpg,C:\Users\abuba\OneDrive\Desktop\GEN_AI\project\outputs\samples\synthetic_candidates\class_001\img00077_aug00.jpg,synthetic,foreground_preserving_background_swap,,0.28283631801605225,43,-0.03152060508728027
synthetic_81_0,81,1,Laysan Albatross,class_001\img00081_aug00.jpg,C:\Users\abuba\OneDrive\Desktop\GEN_AI\project\outputs\samples\synthetic_candidates\class_001\img00081_aug00.jpg,synthetic,foreground_preserving_background_swap,,0.3366571366786957,1,0.001469641923904419
synthetic_131_0,131,2,Sooty Albatross,class_002\img00131_aug00.jpg,C:\Users\abuba\OneDrive\Desktop\GEN_AI\project\outputs\samples\synthetic_candidates\class_002\img00131_aug00.jpg,synthetic,foreground_preserving_background_swap,,0.10920967161655426,46,-0.19329936802387238
synthetic_121_0,121,2,Sooty Albatross,class_002\img00121_aug00.jpg,C:\Users\abuba\OneDrive\Desktop\GEN_AI\project\outputs\samples\synthetic_candidates\class_002\img00121_aug00.jpg,synthetic,foreground_preserving_background_swap,,0.23091183602809906,134,-0.07452322542667389
synthetic_235_0,235,3,Groove billed Ani,class_003\img00235_aug00.jpg,C:\Users\abuba\OneDrive\Desktop\GEN_AI\project\outputs\samples\synthetic_candidates\class_003\img00235_aug00.jpg,synthetic,foreground_preserving_background_swap,,0.3511204719543457,8,-0.0014156103134155273
synthetic_197_0,197,3,Groove billed Ani,class_003\img00197_aug00.jpg,C:\Users\abuba\OneDrive\Desktop\GEN_AI\project\outputs\samples\synthetic_candidates\class_003\img00197_aug00.jpg,synthetic,foreground_preserving_background_swap,,0.2313307523727417,30,-0.08177930116653442
synthetic_263_0,263,4,Crested Auklet,class_004\img00263_aug00.jpg,C:\Users\abuba\OneDrive\Desktop\GEN_AI\project\outputs\samples\synthetic_candidates\class_004\img00263_aug00.jpg,synthetic,foreground_preserving_background_swap,,0.27913254499435425,9,-0.04979217052459717
synthetic_275_0,275,4,Crested Auklet,class_004\img00275_aug00.jpg,C:\Users\abuba\OneDrive\Desktop\GEN_AI\project\outputs\samples\synthetic_candidates\class_004\img00275_aug00.jpg,synthetic,foreground_preserving_background_swap,,0.06526494026184082,179,-0.27474987506866455
synthetic_291_0,291,5,Least Auklet,class_005\img00291_aug00.jpg,C:\Users\abuba\OneDrive\Desktop\GEN_AI\project\outputs\samples\synthetic_candidates\class_005\img00291_aug00.jpg,synthetic,foreground_preserving_background_swap,,0.2537875473499298,8,-0.05522504448890686
synthetic_288_0,288,5,Least Auklet,class_005\img00288_aug00.jpg,C:\Users\abuba\OneDrive\Desktop\GEN_AI\project\outputs\samples\synthetic_candidates\class_005\img00288_aug00.jpg,synthetic,foreground_preserving_background_swap,,0.24089136719703674,53,-0.09346535801887512
synthetic_345_0,345,6,Parakeet Auklet,class_006\img00345_aug00.jpg,C:\Users\abuba\OneDrive\Desktop\GEN_AI\project\outputs\samples\synthetic_candidates\class_006\img00345_aug00.jpg,synthetic,foreground_preserving_background_swap,,0.2980576157569885,17,-0.017925500869750977
synthetic_364_0,364,6,Parakeet Auklet,class_006\img00364_aug00.jpg,C:\Users\abuba\OneDrive\Desktop\GEN_AI\project\outputs\samples\synthetic_candidates\class_006\img00364_aug00.jpg,synthetic,foreground_preserving_background_swap,,0.2908018231391907,105,-0.01797381043434143
synthetic_414_0,414,7,Rhinoceros Auklet,class_007\img00414_aug00.jpg,C:\Users\abuba\OneDrive\Desktop\GEN_AI\project\outputs\samples\synthetic_candidates\class_007\img00414_aug00.jpg,synthetic,foreground_preserving_background_swap,,0.3558056950569153,7,0.006883442401885986
synthetic_413_0,413,7,Rhinoceros Auklet,class_007\img00413_aug00.jpg,C:\Users\abuba\OneDrive\Desktop\GEN_AI\project\outputs\samples\synthetic_candidates\class_007\img00413_aug00.jpg,synthetic,foreground_preserving_background_swap,,0.3121035695075989,4,-0.0015138685703277588
synthetic_446_0,446,8,Brewer Blackbird,class_008\img00446_aug00.jpg,C:\Users\abuba\OneDrive\Desktop\GEN_AI\project\outputs\samples\synthetic_candidates\class_008\img00446_aug00.jpg,synthetic,foreground_preserving_background_swap,,0.29254618287086487,48,-0.05001473426818848
synthetic_477_0,477,8,Brewer Blackbird,class_008\img00477_aug00.jpg,C:\Users\abuba\OneDrive\Desktop\GEN_AI\project\outputs\samples\synthetic_candidates\class_008\img00477_aug00.jpg,synthetic,foreground_preserving_background_swap,,0.3365250527858734,26,-0.008397847414016724
synthetic_524_0,524,9,Red winged Blackbird,class_009\img00524_aug00.jpg,C:\Users\abuba\OneDrive\Desktop\GEN_AI\project\outputs\samples\synthetic_candidates\class_009\img00524_aug00.jpg,synthetic,foreground_preserving_background_swap,,0.32703760266304016,9,0.01961269974708557
synthetic_542_0,542,9,Red winged Blackbird,class_009\img00542_aug00.jpg,C:\Users\abuba\OneDrive\Desktop\GEN_AI\project\outputs\samples\synthetic_candidates\class_009\img00542_aug00.jpg,synthetic,foreground_preserving_background_swap,,0.2978515028953552,9,0.0042840540409088135
synthetic_574_0,574,10,Rusty Blackbird,class_010\img00574_aug00.jpg,C:\Users\abuba\OneDrive\Desktop\GEN_AI\project\outputs\samples\synthetic_candidates\class_010\img00574_aug00.jpg,synthetic,foreground_preserving_background_swap,,0.30209022760391235,25,-0.0036584138870239258
synthetic_581_0,581,10,Rusty Blackbird,class_010\img00581_aug00.jpg,C:\Users\abuba\OneDrive\Desktop\GEN_AI\project\outputs\samples\synthetic_candidates\class_010\img00581_aug00.jpg,synthetic,foreground_preserving_background_swap,,0.3214219808578491,48,-0.020394623279571533
synthetic_653_0,653,11,Yellow headed Blackbird,class_011\img00653_aug00.jpg,C:\Users\abuba\OneDrive\Desktop\GEN_AI\project\outputs\samples\synthetic_candidates\class_011\img00653_aug00.jpg,synthetic,foreground_preserving_background_swap,,0.2928335666656494,160,-0.03886491060256958
synthetic_631_0,631,11,Yellow headed Blackbird,class_011\img00631_aug00.jpg,C:\Users\abuba\OneDrive\Desktop\GEN_AI\project\outputs\samples\synthetic_candidates\class_011\img00631_aug00.jpg,synthetic,foreground_preserving_background_swap,,0.3264031410217285,11,0.008016586303710938
synthetic_690_0,690,12,Bobolink,class_012\img00690_aug00.jpg,C:\Users\abuba\OneDrive\Desktop\GEN_AI\project\outputs\samples\synthetic_candidates\class_012\img00690_aug00.jpg,synthetic,foreground_preserving_background_swap,,0.3047981858253479,48,-0.0034911036491394043
synthetic_660_0,660,12,Bobolink,class_012\img00660_aug00.jpg,C:\Users\abuba\OneDrive\Desktop\GEN_AI\project\outputs\samples\synthetic_candidates\class_012\img00660_aug00.jpg,synthetic,foreground_preserving_background_swap,,0.3044663667678833,12,0.011694103479385376
synthetic_769_0,769,13,Indigo Bunting,class_013\img00769_aug00.jpg,C:\Users\abuba\OneDrive\Desktop\GEN_AI\project\outputs\samples\synthetic_candidates\class_013\img00769_aug00.jpg,synthetic,foreground_preserving_background_swap,,0.32228147983551025,14,-0.0028792917728424072
synthetic_768_0,768,13,Indigo Bunting,class_013\img00768_aug00.jpg,C:\Users\abuba\OneDrive\Desktop\GEN_AI\project\outputs\samples\synthetic_candidates\class_013\img00768_aug00.jpg,synthetic,foreground_preserving_background_swap,,0.3176271319389343,13,0.004747331142425537
synthetic_788_0,788,14,Lazuli Bunting,class_014\img00788_aug00.jpg,C:\Users\abuba\OneDrive\Desktop\GEN_AI\project\outputs\samples\synthetic_candidates\class_014\img00788_aug00.jpg,synthetic,foreground_preserving_background_swap,,0.26245373487472534,53,-0.008823812007904053
synthetic_835_0,835,14,Lazuli Bunting,class_014\img00835_aug00.jpg,C:\Users\abuba\OneDrive\Desktop\GEN_AI\project\outputs\samples\synthetic_candidates\class_014\img00835_aug00.jpg,synthetic,foreground_preserving_background_swap,,0.3151516914367676,14,0.005662262439727783
synthetic_855_0,855,15,Painted Bunting,class_015\img00855_aug00.jpg,C:\Users\abuba\OneDrive\Desktop\GEN_AI\project\outputs\samples\synthetic_candidates\class_015\img00855_aug00.jpg,synthetic,foreground_preserving_background_swap,,0.3485957980155945,15,0.06970465183258057
synthetic_881_0,881,15,Painted Bunting,class_015\img00881_aug00.jpg,C:\Users\abuba\OneDrive\Desktop\GEN_AI\project\outputs\samples\synthetic_candidates\class_015\img00881_aug00.jpg,synthetic,foreground_preserving_background_swap,,0.31079286336898804,15,0.03650406002998352
synthetic_917_0,917,16,Cardinal,class_016\img00917_aug00.jpg,C:\Users\abuba\OneDrive\Desktop\GEN_AI\project\outputs\samples\synthetic_candidates\class_016\img00917_aug00.jpg,synthetic,foreground_preserving_background_swap,,0.32408756017684937,16,0.008212745189666748
synthetic_929_0,929,16,Cardinal,class_016\img00929_aug00.jpg,C:\Users\abuba\OneDrive\Desktop\GEN_AI\project\outputs\samples\synthetic_candidates\class_016\img00929_aug00.jpg,synthetic,foreground_preserving_background_swap,,0.21231919527053833,89,-0.11727780103683472
synthetic_992_0,992,17,Spotted Catbird,class_017\img00992_aug00.jpg,C:\Users\abuba\OneDrive\Desktop\GEN_AI\project\outputs\samples\synthetic_candidates\class_017\img00992_aug00.jpg,synthetic,foreground_preserving_background_swap,,0.30751365423202515,102,-0.012950360774993896
synthetic_955_0,955,17,Spotted Catbird,class_017\img00955_aug00.jpg,C:\Users\abuba\OneDrive\Desktop\GEN_AI\project\outputs\samples\synthetic_candidates\class_017\img00955_aug00.jpg,synthetic,foreground_preserving_background_swap,,0.252105712890625,76,-0.04333972930908203
synthetic_1019_0,1019,18,Gray Catbird,class_018\img01019_aug00.jpg,C:\Users\abuba\OneDrive\Desktop\GEN_AI\project\outputs\samples\synthetic_candidates\class_018\img01019_aug00.jpg,synthetic,foreground_preserving_background_swap,,0.26227372884750366,147,-0.027140110731124878
synthetic_1049_0,1049,18,Gray Catbird,class_018\img01049_aug00.jpg,C:\Users\abuba\OneDrive\Desktop\GEN_AI\project\outputs\samples\synthetic_candidates\class_018\img01049_aug00.jpg,synthetic,foreground_preserving_background_swap,,0.34463804960250854,18,0.034633755683898926
synthetic_1114_0,1114,19,Yellow breasted Chat,class_019\img01114_aug00.jpg,C:\Users\abuba\OneDrive\Desktop\GEN_AI\project\outputs\samples\synthetic_candidates\class_019\img01114_aug00.jpg,synthetic,foreground_preserving_background_swap,,0.21632252633571625,141,-0.04697181284427643
synthetic_1079_0,1079,19,Yellow breasted Chat,class_019\img01079_aug00.jpg,C:\Users\abuba\OneDrive\Desktop\GEN_AI\project\outputs\samples\synthetic_candidates\class_019\img01079_aug00.jpg,synthetic,foreground_preserving_background_swap,,0.3117583990097046,19,0.004145264625549316
synthetic_1141_0,1141,20,Eastern Towhee,class_020\img01141_aug00.jpg,C:\Users\abuba\OneDrive\Desktop\GEN_AI\project\outputs\samples\synthetic_candidates\class_020\img01141_aug00.jpg,synthetic,foreground_preserving_background_swap,,0.2687385678291321,89,-0.0316045880317688
synthetic_1175_0,1175,20,Eastern Towhee,class_020\img01175_aug00.jpg,C:\Users\abuba\OneDrive\Desktop\GEN_AI\project\outputs\samples\synthetic_candidates\class_020\img01175_aug00.jpg,synthetic,foreground_preserving_background_swap,,0.3587629795074463,20,0.033444225788116455
synthetic_1231_0,1231,21,Chuck will Widow,class_021\img01231_aug00.jpg,C:\Users\abuba\OneDrive\Desktop\GEN_AI\project\outputs\samples\synthetic_candidates\class_021\img01231_aug00.jpg,synthetic,foreground_preserving_background_swap,,0.19104313850402832,91,-0.10164535045623779
synthetic_1224_0,1224,21,Chuck will Widow,class_021\img01224_aug00.jpg,C:\Users\abuba\OneDrive\Desktop\GEN_AI\project\outputs\samples\synthetic_candidates\class_021\img01224_aug00.jpg,synthetic,foreground_preserving_background_swap,,0.19628635048866272,134,-0.09994962811470032
synthetic_1232_0,1232,22,Brandt Cormorant,class_022\img01232_aug00.jpg,C:\Users\abuba\OneDrive\Desktop\GEN_AI\project\outputs\samples\synthetic_candidates\class_022\img01232_aug00.jpg,synthetic,foreground_preserving_background_swap,,0.29368656873703003,22,0.006657004356384277
synthetic_1238_0,1238,22,Brandt Cormorant,class_022\img01238_aug00.jpg,C:\Users\abuba\OneDrive\Desktop\GEN_AI\project\outputs\samples\synthetic_candidates\class_022\img01238_aug00.jpg,synthetic,foreground_preserving_background_swap,,0.29244157671928406,102,-0.019966334104537964
synthetic_1318_0,1318,23,Red faced Cormorant,class_023\img01318_aug00.jpg,C:\Users\abuba\OneDrive\Desktop\GEN_AI\project\outputs\samples\synthetic_candidates\class_023\img01318_aug00.jpg,synthetic,foreground_preserving_background_swap,,0.3104262948036194,23,0.005640208721160889
synthetic_1331_0,1331,23,Red faced Cormorant,class_023\img01331_aug00.jpg,C:\Users\abuba\OneDrive\Desktop\GEN_AI\project\outputs\samples\synthetic_candidates\class_023\img01331_aug00.jpg,synthetic,foreground_preserving_background_swap,,0.2645101845264435,100,-0.06622841954231262
synthetic_1401_0,1401,24,Pelagic Cormorant,class_024\img01401_aug00.jpg,C:\Users\abuba\OneDrive\Desktop\GEN_AI\project\outputs\samples\synthetic_candidates\class_024\img01401_aug00.jpg,synthetic,foreground_preserving_background_swap,,0.30939972400665283,141,-0.0041980743408203125
synthetic_1383_0,1383,24,Pelagic Cormorant,class_024\img01383_aug00.jpg,C:\Users\abuba\OneDrive\Desktop\GEN_AI\project\outputs\samples\synthetic_candidates\class_024\img01383_aug00.jpg,synthetic,foreground_preserving_background_swap,,0.3088838756084442,23,-0.03979566693305969
synthetic_1445_0,1445,25,Bronzed Cowbird,class_025\img01445_aug00.jpg,C:\Users\abuba\OneDrive\Desktop\GEN_AI\project\outputs\samples\synthetic_candidates\class_025\img01445_aug00.jpg,synthetic,foreground_preserving_background_swap,,0.33982765674591064,25,0.005346119403839111
synthetic_1439_0,1439,25,Bronzed Cowbird,class_025\img01439_aug00.jpg,C:\Users\abuba\OneDrive\Desktop\GEN_AI\project\outputs\samples\synthetic_candidates\class_025\img01439_aug00.jpg,synthetic,foreground_preserving_background_swap,,0.26914548873901367,75,-0.048206329345703125
synthetic_1474_0,1474,26,Shiny Cowbird,class_026\img01474_aug00.jpg,C:\Users\abuba\OneDrive\Desktop\GEN_AI\project\outputs\samples\synthetic_candidates\class_026\img01474_aug00.jpg,synthetic,foreground_preserving_background_swap,,0.2698231637477875,48,-0.052423447370529175
synthetic_1512_0,1512,26,Shiny Cowbird,class_026\img01512_aug00.jpg,C:\Users\abuba\OneDrive\Desktop\GEN_AI\project\outputs\samples\synthetic_candidates\class_026\img01512_aug00.jpg,synthetic,foreground_preserving_background_swap,,0.2785317003726959,48,-0.047711730003356934
synthetic_1565_0,1565,27,Brown Creeper,class_027\img01565_aug00.jpg,C:\Users\abuba\OneDrive\Desktop\GEN_AI\project\outputs\samples\synthetic_candidates\class_027\img01565_aug00.jpg,synthetic,foreground_preserving_background_swap,,0.24685072898864746,81,-0.06937834620475769
synthetic_1533_0,1533,27,Brown Creeper,class_027\img01533_aug00.jpg,C:\Users\abuba\OneDrive\Desktop\GEN_AI\project\outputs\samples\synthetic_candidates\class_027\img01533_aug00.jpg,synthetic,foreground_preserving_background_swap,,0.30135220289230347,27,0.005000114440917969
synthetic_1591_0,1591,28,American Crow,class_028\img01591_aug00.jpg,C:\Users\abuba\OneDrive\Desktop\GEN_AI\project\outputs\samples\synthetic_candidates\class_028\img01591_aug00.jpg,synthetic,foreground_preserving_background_swap,,0.20577803254127502,15,-0.08602622151374817
synthetic_1619_0,1619,28,American Crow,class_028\img01619_aug00.jpg,C:\Users\abuba\OneDrive\Desktop\GEN_AI\project\outputs\samples\synthetic_candidates\class_028\img01619_aug00.jpg,synthetic,foreground_preserving_background_swap,,0.3079904317855835,48,-0.017589956521987915
synthetic_1690_0,1690,29,Fish Crow,class_029\img01690_aug00.jpg,C:\Users\abuba\OneDrive\Desktop\GEN_AI\project\outputs\samples\synthetic_candidates\class_029\img01690_aug00.jpg,synthetic,foreground_preserving_background_swap,,0.21137401461601257,24,-0.11449369788169861
synthetic_1653_0,1653,29,Fish Crow,class_029\img01653_aug00.jpg,C:\Users\abuba\OneDrive\Desktop\GEN_AI\project\outputs\samples\synthetic_candidates\class_029\img01653_aug00.jpg,synthetic,foreground_preserving_background_swap,,0.2855221927165985,25,-0.02571973204612732
synthetic_1749_0,1749,30,Black billed Cuckoo,class_030\img01749_aug00.jpg,C:\Users\abuba\OneDrive\Desktop\GEN_AI\project\outputs\samples\synthetic_candidates\class_030\img01749_aug00.jpg,synthetic,foreground_preserving_background_swap,,0.1716131865978241,88,-0.21633866429328918
synthetic_1741_0,1741,30,Black billed Cuckoo,class_030\img01741_aug00.jpg,C:\Users\abuba\OneDrive\Desktop\GEN_AI\project\outputs\samples\synthetic_candidates\class_030\img01741_aug00.jpg,synthetic,foreground_preserving_background_swap,,0.32644084095954895,30,0.010929465293884277
synthetic_1775_0,1775,31,Mangrove Cuckoo,class_031\img01775_aug00.jpg,C:\Users\abuba\OneDrive\Desktop\GEN_AI\project\outputs\samples\synthetic_candidates\class_031\img01775_aug00.jpg,synthetic,foreground_preserving_background_swap,,0.1626911610364914,49,-0.21477816998958588
synthetic_1763_0,1763,31,Mangrove Cuckoo,class_031\img01763_aug00.jpg,C:\Users\abuba\OneDrive\Desktop\GEN_AI\project\outputs\samples\synthetic_candidates\class_031\img01763_aug00.jpg,synthetic,foreground_preserving_background_swap,,0.24752837419509888,197,-0.024251043796539307
synthetic_1872_0,1872,32,Yellow billed Cuckoo,class_032\img01872_aug00.jpg,C:\Users\abuba\OneDrive\Desktop\GEN_AI\project\outputs\samples\synthetic_candidates\class_032\img01872_aug00.jpg,synthetic,foreground_preserving_background_swap,,0.30791640281677246,31,-0.013931602239608765
synthetic_1820_0,1820,32,Yellow billed Cuckoo,class_032\img01820_aug00.jpg,C:\Users\abuba\OneDrive\Desktop\GEN_AI\project\outputs\samples\synthetic_candidates\class_032\img01820_aug00.jpg,synthetic,foreground_preserving_background_swap,,0.2750210762023926,71,-0.008251219987869263
synthetic_1929_0,1929,33,Gray crowned Rosy Finch,class_033\img01929_aug00.jpg,C:\Users\abuba\OneDrive\Desktop\GEN_AI\project\outputs\samples\synthetic_candidates\class_033\img01929_aug00.jpg,synthetic,foreground_preserving_background_swap,,0.3413078486919403,33,0.05951613187789917
synthetic_1883_0,1883,33,Gray crowned Rosy Finch,class_033\img01883_aug00.jpg,C:\Users\abuba\OneDrive\Desktop\GEN_AI\project\outputs\samples\synthetic_candidates\class_033\img01883_aug00.jpg,synthetic,foreground_preserving_background_swap,,0.3081251084804535,33,0.012209564447402954
synthetic_1979_0,1979,34,Purple Finch,class_034\img01979_aug00.jpg,C:\Users\abuba\OneDrive\Desktop\GEN_AI\project\outputs\samples\synthetic_candidates\class_034\img01979_aug00.jpg,synthetic,foreground_preserving_background_swap,,0.31335878372192383,34,0.008714944124221802
synthetic_1974_0,1974,34,Purple Finch,class_034\img01974_aug00.jpg,C:\Users\abuba\OneDrive\Desktop\GEN_AI\project\outputs\samples\synthetic_candidates\class_034\img01974_aug00.jpg,synthetic,foreground_preserving_background_swap,,0.3517712950706482,34,0.04091423749923706
synthetic_1994_0,1994,35,Northern Flicker,class_035\img01994_aug00.jpg,C:\Users\abuba\OneDrive\Desktop\GEN_AI\project\outputs\samples\synthetic_candidates\class_035\img01994_aug00.jpg,synthetic,foreground_preserving_background_swap,,0.13195200264453888,179,-0.18701721727848053
synthetic_2041_0,2041,35,Northern Flicker,class_035\img02041_aug00.jpg,C:\Users\abuba\OneDrive\Desktop\GEN_AI\project\outputs\samples\synthetic_candidates\class_035\img02041_aug00.jpg,synthetic,foreground_preserving_background_swap,,0.2928640842437744,66,-0.0027266740798950195
synthetic_2053_0,2053,36,Acadian Flycatcher,class_036\img02053_aug00.jpg,C:\Users\abuba\OneDrive\Desktop\GEN_AI\project\outputs\samples\synthetic_candidates\class_036\img02053_aug00.jpg,synthetic,foreground_preserving_background_swap,,0.29536670446395874,152,-0.05495712161064148
synthetic_2099_0,2099,36,Acadian Flycatcher,class_036\img02099_aug00.jpg,C:\Users\abuba\OneDrive\Desktop\GEN_AI\project\outputs\samples\synthetic_candidates\class_036\img02099_aug00.jpg,synthetic,foreground_preserving_background_swap,,0.2829737961292267,42,-0.016411155462265015
synthetic_2114_0,2114,37,Great Crested Flycatcher,class_037\img02114_aug00.jpg,C:\Users\abuba\OneDrive\Desktop\GEN_AI\project\outputs\samples\synthetic_candidates\class_037\img02114_aug00.jpg,synthetic,foreground_preserving_background_swap,,0.2543269693851471,117,-0.05841454863548279
synthetic_2116_0,2116,37,Great Crested Flycatcher,class_037\img02116_aug00.jpg,C:\Users\abuba\OneDrive\Desktop\GEN_AI\project\outputs\samples\synthetic_candidates\class_037\img02116_aug00.jpg,synthetic,foreground_preserving_background_swap,,0.34650295972824097,37,0.018549591302871704
synthetic_2198_0,2198,38,Least Flycatcher,class_038\img02198_aug00.jpg,C:\Users\abuba\OneDrive\Desktop\GEN_AI\project\outputs\samples\synthetic_candidates\class_038\img02198_aug00.jpg,synthetic,foreground_preserving_background_swap,,0.3174077868461609,36,-0.011817336082458496
synthetic_2215_0,2215,38,Least Flycatcher,class_038\img02215_aug00.jpg,C:\Users\abuba\OneDrive\Desktop\GEN_AI\project\outputs\samples\synthetic_candidates\class_038\img02215_aug00.jpg,synthetic,foreground_preserving_background_swap,,0.2463257610797882,79,-0.0705074667930603
synthetic_2266_0,2266,39,Olive sided Flycatcher,class_039\img02266_aug00.jpg,C:\Users\abuba\OneDrive\Desktop\GEN_AI\project\outputs\samples\synthetic_candidates\class_039\img02266_aug00.jpg,synthetic,foreground_preserving_background_swap,,0.32122331857681274,39,0.006885230541229248
synthetic_2286_0,2286,39,Olive sided Flycatcher,class_039\img02286_aug00.jpg,C:\Users\abuba\OneDrive\Desktop\GEN_AI\project\outputs\samples\synthetic_candidates\class_039\img02286_aug00.jpg,synthetic,foreground_preserving_background_swap,,0.248328298330307,199,-0.06271570920944214
synthetic_2342_0,2342,40,Scissor tailed Flycatcher,class_040\img02342_aug00.jpg,C:\Users\abuba\OneDrive\Desktop\GEN_AI\project\outputs\samples\synthetic_candidates\class_040\img02342_aug00.jpg,synthetic,foreground_preserving_background_swap,,0.3537542223930359,40,0.02648872137069702
synthetic_2317_0,2317,40,Scissor tailed Flycatcher,class_040\img02317_aug00.jpg,C:\Users\abuba\OneDrive\Desktop\GEN_AI\project\outputs\samples\synthetic_candidates\class_040\img02317_aug00.jpg,synthetic,foreground_preserving_background_swap,,0.3693455457687378,40,0.02068561315536499
synthetic_2354_0,2354,41,Vermilion Flycatcher,class_041\img02354_aug00.jpg,C:\Users\abuba\OneDrive\Desktop\GEN_AI\project\outputs\samples\synthetic_candidates\class_041\img02354_aug00.jpg,synthetic,foreground_preserving_background_swap,,0.2783243656158447,41,0.012641280889511108
synthetic_2384_0,2384,41,Vermilion Flycatcher,class_041\img02384_aug00.jpg,C:\Users\abuba\OneDrive\Desktop\GEN_AI\project\outputs\samples\synthetic_candidates\class_041\img02384_aug00.jpg,synthetic,foreground_preserving_background_swap,,0.35208743810653687,41,0.0262678861618042
synthetic_2458_0,2458,42,Yellow bellied Flycatcher,class_042\img02458_aug00.jpg,C:\Users\abuba\OneDrive\Desktop\GEN_AI\project\outputs\samples\synthetic_candidates\class_042\img02458_aug00.jpg,synthetic,foreground_preserving_background_swap,,0.24328771233558655,135,-0.056913286447525024
synthetic_2432_0,2432,42,Yellow bellied Flycatcher,class_042\img02432_aug00.jpg,C:\Users\abuba\OneDrive\Desktop\GEN_AI\project\outputs\samples\synthetic_candidates\class_042\img02432_aug00.jpg,synthetic,foreground_preserving_background_swap,,0.3356359899044037,152,-0.004335641860961914
synthetic_2487_0,2487,43,Frigatebird,class_043\img02487_aug00.jpg,C:\Users\abuba\OneDrive\Desktop\GEN_AI\project\outputs\samples\synthetic_candidates\class_043\img02487_aug00.jpg,synthetic,foreground_preserving_background_swap,,0.3533223271369934,43,0.049165964126586914
synthetic_2509_0,2509,43,Frigatebird,class_043\img02509_aug00.jpg,C:\Users\abuba\OneDrive\Desktop\GEN_AI\project\outputs\samples\synthetic_candidates\class_043\img02509_aug00.jpg,synthetic,foreground_preserving_background_swap,,0.31140366196632385,43,0.009330123662948608
synthetic_2562_0,2562,44,Northern Fulmar,class_044\img02562_aug00.jpg,C:\Users\abuba\OneDrive\Desktop\GEN_AI\project\outputs\samples\synthetic_candidates\class_044\img02562_aug00.jpg,synthetic,foreground_preserving_background_swap,,0.13054805994033813,15,-0.1690567135810852
synthetic_2558_0,2558,44,Northern Fulmar,class_044\img02558_aug00.jpg,C:\Users\abuba\OneDrive\Desktop\GEN_AI\project\outputs\samples\synthetic_candidates\class_044\img02558_aug00.jpg,synthetic,foreground_preserving_background_swap,,0.24111050367355347,170,-0.048521727323532104
synthetic_2642_0,2642,45,Gadwall,class_045\img02642_aug00.jpg,C:\Users\abuba\OneDrive\Desktop\GEN_AI\project\outputs\samples\synthetic_candidates\class_045\img02642_aug00.jpg,synthetic,foreground_preserving_background_swap,,0.3381904363632202,45,0.04137057065963745
synthetic_2601_0,2601,45,Gadwall,class_045\img02601_aug00.jpg,C:\Users\abuba\OneDrive\Desktop\GEN_AI\project\outputs\samples\synthetic_candidates\class_045\img02601_aug00.jpg,synthetic,foreground_preserving_background_swap,,0.246572345495224,6,-0.07001149654388428
synthetic_2667_0,2667,46,American Goldfinch,class_046\img02667_aug00.jpg,C:\Users\abuba\OneDrive\Desktop\GEN_AI\project\outputs\samples\synthetic_candidates\class_046\img02667_aug00.jpg,synthetic,foreground_preserving_background_swap,,0.2956080436706543,46,0.0006859898567199707
synthetic_2654_0,2654,46,American Goldfinch,class_046\img02654_aug00.jpg,C:\Users\abuba\OneDrive\Desktop\GEN_AI\project\outputs\samples\synthetic_candidates\class_046\img02654_aug00.jpg,synthetic,foreground_preserving_background_swap,,0.3303386867046356,46,0.014709502458572388
synthetic_2722_0,2722,47,European Goldfinch,class_047\img02722_aug00.jpg,C:\Users\abuba\OneDrive\Desktop\GEN_AI\project\outputs\samples\synthetic_candidates\class_047\img02722_aug00.jpg,synthetic,foreground_preserving_background_swap,,0.37187501788139343,47,0.07352077960968018
synthetic_2747_0,2747,47,European Goldfinch,class_047\img02747_aug00.jpg,C:\Users\abuba\OneDrive\Desktop\GEN_AI\project\outputs\samples\synthetic_candidates\class_047\img02747_aug00.jpg,synthetic,foreground_preserving_background_swap,,0.265674889087677,184,-0.03850960731506348
synthetic_2817_0,2817,48,Boat tailed Grackle,class_048\img02817_aug00.jpg,C:\Users\abuba\OneDrive\Desktop\GEN_AI\project\outputs\samples\synthetic_candidates\class_048\img02817_aug00.jpg,synthetic,foreground_preserving_background_swap,,0.3457261323928833,48,0.01968902349472046
synthetic_2772_0,2772,48,Boat tailed Grackle,class_048\img02772_aug00.jpg,C:\Users\abuba\OneDrive\Desktop\GEN_AI\project\outputs\samples\synthetic_candidates\class_048\img02772_aug00.jpg,synthetic,foreground_preserving_background_swap,,0.2974620461463928,90,-0.02525690197944641
synthetic_2861_0,2861,49,Eared Grebe,class_049\img02861_aug00.jpg,C:\Users\abuba\OneDrive\Desktop\GEN_AI\project\outputs\samples\synthetic_candidates\class_049\img02861_aug00.jpg,synthetic,foreground_preserving_background_swap,,0.3116581439971924,102,-0.0019213855266571045
synthetic_2870_0,2870,49,Eared Grebe,class_049\img02870_aug00.jpg,C:\Users\abuba\OneDrive\Desktop\GEN_AI\project\outputs\samples\synthetic_candidates\class_049\img02870_aug00.jpg,synthetic,foreground_preserving_background_swap,,0.3589072823524475,49,0.020947396755218506
synthetic_2903_0,2903,50,Horned Grebe,class_050\img02903_aug00.jpg,C:\Users\abuba\OneDrive\Desktop\GEN_AI\project\outputs\samples\synthetic_candidates\class_050\img02903_aug00.jpg,synthetic,foreground_preserving_background_swap,,0.24007266759872437,79,-0.09091001749038696
synthetic_2930_0,2930,50,Horned Grebe,class_050\img02930_aug00.jpg,C:\Users\abuba\OneDrive\Desktop\GEN_AI\project\outputs\samples\synthetic_candidates\class_050\img02930_aug00.jpg,synthetic,foreground_preserving_background_swap,,0.33069121837615967,23,-0.005304962396621704
synthetic_2980_0,2980,51,Pied billed Grebe,class_051\img02980_aug00.jpg,C:\Users\abuba\OneDrive\Desktop\GEN_AI\project\outputs\samples\synthetic_candidates\class_051\img02980_aug00.jpg,synthetic,foreground_preserving_background_swap,,0.26997441053390503,102,-0.00690460205078125
synthetic_2989_0,2989,51,Pied billed Grebe,class_051\img02989_aug00.jpg,C:\Users\abuba\OneDrive\Desktop\GEN_AI\project\outputs\samples\synthetic_candidates\class_051\img02989_aug00.jpg,synthetic,foreground_preserving_background_swap,,0.32942527532577515,51,0.014836549758911133
synthetic_3069_0,3069,52,Western Grebe,class_052\img03069_aug00.jpg,C:\Users\abuba\OneDrive\Desktop\GEN_AI\project\outputs\samples\synthetic_candidates\class_052\img03069_aug00.jpg,synthetic,foreground_preserving_background_swap,,0.27199774980545044,23,-0.007081866264343262
synthetic_3043_0,3043,52,Western Grebe,class_052\img03043_aug00.jpg,C:\Users\abuba\OneDrive\Desktop\GEN_AI\project\outputs\samples\synthetic_candidates\class_052\img03043_aug00.jpg,synthetic,foreground_preserving_background_swap,,0.05154292285442352,120,-0.2931097000837326
synthetic_3115_0,3115,53,Blue Grosbeak,class_053\img03115_aug00.jpg,C:\Users\abuba\OneDrive\Desktop\GEN_AI\project\outputs\samples\synthetic_candidates\class_053\img03115_aug00.jpg,synthetic,foreground_preserving_background_swap,,0.27900439500808716,14,-0.019845187664031982
synthetic_3103_0,3103,53,Blue Grosbeak,class_053\img03103_aug00.jpg,C:\Users\abuba\OneDrive\Desktop\GEN_AI\project\outputs\samples\synthetic_candidates\class_053\img03103_aug00.jpg,synthetic,foreground_preserving_background_swap,,0.31292036175727844,13,-0.019235938787460327
synthetic_3167_0,3167,54,Evening Grosbeak,class_054\img03167_aug00.jpg,C:\Users\abuba\OneDrive\Desktop\GEN_AI\project\outputs\samples\synthetic_candidates\class_054\img03167_aug00.jpg,synthetic,foreground_preserving_background_swap,,0.3157151937484741,95,-0.011028110980987549
synthetic_3145_0,3145,54,Evening Grosbeak,class_054\img03145_aug00.jpg,C:\Users\abuba\OneDrive\Desktop\GEN_AI\project\outputs\samples\synthetic_candidates\class_054\img03145_aug00.jpg,synthetic,foreground_preserving_background_swap,,0.30856579542160034,96,-0.016319990158081055
synthetic_3205_0,3205,55,Pine Grosbeak,class_055\img03205_aug00.jpg,C:\Users\abuba\OneDrive\Desktop\GEN_AI\project\outputs\samples\synthetic_candidates\class_055\img03205_aug00.jpg,synthetic,foreground_preserving_background_swap,,0.30665501952171326,33,-0.012842446565628052
synthetic_3240_0,3240,55,Pine Grosbeak,class_055\img03240_aug00.jpg,C:\Users\abuba\OneDrive\Desktop\GEN_AI\project\outputs\samples\synthetic_candidates\class_055\img03240_aug00.jpg,synthetic,foreground_preserving_background_swap,,0.19956421852111816,130,-0.13111478090286255
synthetic_3263_0,3263,56,Rose breasted Grosbeak,class_056\img03263_aug00.jpg,C:\Users\abuba\OneDrive\Desktop\GEN_AI\project\outputs\samples\synthetic_candidates\class_056\img03263_aug00.jpg,synthetic,foreground_preserving_background_swap,,0.3674505054950714,56,0.06235286593437195
synthetic_3271_0,3271,56,Rose breasted Grosbeak,class_056\img03271_aug00.jpg,C:\Users\abuba\OneDrive\Desktop\GEN_AI\project\outputs\samples\synthetic_candidates\class_056\img03271_aug00.jpg,synthetic,foreground_preserving_background_swap,,0.33032387495040894,56,0.011164724826812744
synthetic_3314_0,3314,57,Pigeon Guillemot,class_057\img03314_aug00.jpg,C:\Users\abuba\OneDrive\Desktop\GEN_AI\project\outputs\samples\synthetic_candidates\class_057\img03314_aug00.jpg,synthetic,foreground_preserving_background_swap,,0.2717708945274353,73,-0.03797876834869385
synthetic_3341_0,3341,57,Pigeon Guillemot,class_057\img03341_aug00.jpg,C:\Users\abuba\OneDrive\Desktop\GEN_AI\project\outputs\samples\synthetic_candidates\class_057\img03341_aug00.jpg,synthetic,foreground_preserving_background_swap,,0.2641814947128296,102,-0.01550552248954773
synthetic_3422_0,3422,58,California Gull,class_058\img03422_aug00.jpg,C:\Users\abuba\OneDrive\Desktop\GEN_AI\project\outputs\samples\synthetic_candidates\class_058\img03422_aug00.jpg,synthetic,foreground_preserving_background_swap,,0.30198490619659424,64,-0.0149039626121521
synthetic_3375_0,3375,58,California Gull,class_058\img03375_aug00.jpg,C:\Users\abuba\OneDrive\Desktop\GEN_AI\project\outputs\samples\synthetic_candidates\class_058\img03375_aug00.jpg,synthetic,foreground_preserving_background_swap,,0.3064984977245331,64,-0.007334589958190918
synthetic_3443_0,3443,59,Glaucous winged Gull,class_059\img03443_aug00.jpg,C:\Users\abuba\OneDrive\Desktop\GEN_AI\project\outputs\samples\synthetic_candidates\class_059\img03443_aug00.jpg,synthetic,foreground_preserving_background_swap,,0.2938697934150696,60,-0.01866835355758667
synthetic_3486_0,3486,59,Glaucous winged Gull,class_059\img03486_aug00.jpg,C:\Users\abuba\OneDrive\Desktop\GEN_AI\project\outputs\samples\synthetic_candidates\class_059\img03486_aug00.jpg,synthetic,foreground_preserving_background_swap,,0.13683941960334778,154,-0.2034468948841095
synthetic_3540_0,3540,60,Heermann Gull,class_060\img03540_aug00.jpg,C:\Users\abuba\OneDrive\Desktop\GEN_AI\project\outputs\samples\synthetic_candidates\class_060\img03540_aug00.jpg,synthetic,foreground_preserving_background_swap,,0.3287573456764221,60,0.012723267078399658
synthetic_3532_0,3532,60,Heermann Gull,class_060\img03532_aug00.jpg,C:\Users\abuba\OneDrive\Desktop\GEN_AI\project\outputs\samples\synthetic_candidates\class_060\img03532_aug00.jpg,synthetic,foreground_preserving_background_swap,,0.261321097612381,54,-0.053893864154815674
synthetic_3569_0,3569,61,Herring Gull,class_061\img03569_aug00.jpg,C:\Users\abuba\OneDrive\Desktop\GEN_AI\project\outputs\samples\synthetic_candidates\class_061\img03569_aug00.jpg,synthetic,foreground_preserving_background_swap,,0.24372893571853638,153,-0.061398983001708984
synthetic_3572_0,3572,61,Herring Gull,class_061\img03572_aug00.jpg,C:\Users\abuba\OneDrive\Desktop\GEN_AI\project\outputs\samples\synthetic_candidates\class_061\img03572_aug00.jpg,synthetic,foreground_preserving_background_swap,,0.21840932965278625,90,-0.0612921416759491
synthetic_3645_0,3645,62,Ivory Gull,class_062\img03645_aug00.jpg,C:\Users\abuba\OneDrive\Desktop\GEN_AI\project\outputs\samples\synthetic_candidates\class_062\img03645_aug00.jpg,synthetic,foreground_preserving_background_swap,,0.33251678943634033,83,-0.03532955050468445
synthetic_3608_0,3608,62,Ivory Gull,class_062\img03608_aug00.jpg,C:\Users\abuba\OneDrive\Desktop\GEN_AI\project\outputs\samples\synthetic_candidates\class_062\img03608_aug00.jpg,synthetic,foreground_preserving_background_swap,,0.12880301475524902,167,-0.19664347171783447
synthetic_3725_0,3725,63,Ring billed Gull,class_063\img03725_aug00.jpg,C:\Users\abuba\OneDrive\Desktop\GEN_AI\project\outputs\samples\synthetic_candidates\class_063\img03725_aug00.jpg,synthetic,foreground_preserving_background_swap,,0.30333346128463745,64,-0.01675325632095337
synthetic_3692_0,3692,63,Ring billed Gull,class_063\img03692_aug00.jpg,C:\Users\abuba\OneDrive\Desktop\GEN_AI\project\outputs\samples\synthetic_candidates\class_063\img03692_aug00.jpg,synthetic,foreground_preserving_background_swap,,0.31160062551498413,59,-0.012259602546691895
synthetic_3731_0,3731,64,Slaty backed Gull,class_064\img03731_aug00.jpg,C:\Users\abuba\OneDrive\Desktop\GEN_AI\project\outputs\samples\synthetic_candidates\class_064\img03731_aug00.jpg,synthetic,foreground_preserving_background_swap,,0.26517415046691895,70,-0.04809620976448059
synthetic_3740_0,3740,64,Slaty backed Gull,class_064\img03740_aug00.jpg,C:\Users\abuba\OneDrive\Desktop\GEN_AI\project\outputs\samples\synthetic_candidates\class_064\img03740_aug00.jpg,synthetic,foreground_preserving_background_swap,,0.3275141716003418,60,-0.026634961366653442
synthetic_3781_0,3781,65,Western Gull,class_065\img03781_aug00.jpg,C:\Users\abuba\OneDrive\Desktop\GEN_AI\project\outputs\samples\synthetic_candidates\class_065\img03781_aug00.jpg,synthetic,foreground_preserving_background_swap,,0.32129722833633423,64,-0.011871784925460815
synthetic_3811_0,3811,65,Western Gull,class_065\img03811_aug00.jpg,C:\Users\abuba\OneDrive\Desktop\GEN_AI\project\outputs\samples\synthetic_candidates\class_065\img03811_aug00.jpg,synthetic,foreground_preserving_background_swap,,0.3284938335418701,64,-0.015490353107452393
synthetic_3850_0,3850,66,Anna Hummingbird,class_066\img03850_aug00.jpg,C:\Users\abuba\OneDrive\Desktop\GEN_AI\project\outputs\samples\synthetic_candidates\class_066\img03850_aug00.jpg,synthetic,foreground_preserving_background_swap,,0.28064119815826416,85,-0.02129426598548889
synthetic_3872_0,3872,66,Anna Hummingbird,class_066\img03872_aug00.jpg,C:\Users\abuba\OneDrive\Desktop\GEN_AI\project\outputs\samples\synthetic_candidates\class_066\img03872_aug00.jpg,synthetic,foreground_preserving_background_swap,,0.339540958404541,66,0.030032455921173096
synthetic_3950_0,3950,67,Ruby throated Hummingbird,class_067\img03950_aug00.jpg,C:\Users\abuba\OneDrive\Desktop\GEN_AI\project\outputs\samples\synthetic_candidates\class_067\img03950_aug00.jpg,synthetic,foreground_preserving_background_swap,,0.3065905272960663,67,0.003971129655838013
synthetic_3910_0,3910,67,Ruby throated Hummingbird,class_067\img03910_aug00.jpg,C:\Users\abuba\OneDrive\Desktop\GEN_AI\project\outputs\samples\synthetic_candidates\class_067\img03910_aug00.jpg,synthetic,foreground_preserving_background_swap,,0.2693396806716919,37,-0.016395747661590576
synthetic_3966_0,3966,68,Rufous Hummingbird,class_068\img03966_aug00.jpg,C:\Users\abuba\OneDrive\Desktop\GEN_AI\project\outputs\samples\synthetic_candidates\class_068\img03966_aug00.jpg,synthetic,foreground_preserving_background_swap,,0.2902863621711731,66,-0.013039588928222656
synthetic_3961_0,3961,68,Rufous Hummingbird,class_068\img03961_aug00.jpg,C:\Users\abuba\OneDrive\Desktop\GEN_AI\project\outputs\samples\synthetic_candidates\class_068\img03961_aug00.jpg,synthetic,foreground_preserving_background_swap,,0.26905566453933716,48,-0.043594568967819214
synthetic_4027_0,4027,69,Green Violetear,class_069\img04027_aug00.jpg,C:\Users\abuba\OneDrive\Desktop\GEN_AI\project\outputs\samples\synthetic_candidates\class_069\img04027_aug00.jpg,synthetic,foreground_preserving_background_swap,,0.18176886439323425,9,-0.1079147458076477
synthetic_4068_0,4068,69,Green Violetear,class_069\img04068_aug00.jpg,C:\Users\abuba\OneDrive\Desktop\GEN_AI\project\outputs\samples\synthetic_candidates\class_069\img04068_aug00.jpg,synthetic,foreground_preserving_background_swap,,0.34467947483062744,69,0.040906816720962524
synthetic_4093_0,4093,70,Long tailed Jaeger,class_070\img04093_aug00.jpg,C:\Users\abuba\OneDrive\Desktop\GEN_AI\project\outputs\samples\synthetic_candidates\class_070\img04093_aug00.jpg,synthetic,foreground_preserving_background_swap,,0.30580729246139526,1,-0.013250768184661865
synthetic_4100_0,4100,70,Long tailed Jaeger,class_070\img04100_aug00.jpg,C:\Users\abuba\OneDrive\Desktop\GEN_AI\project\outputs\samples\synthetic_candidates\class_070\img04100_aug00.jpg,synthetic,foreground_preserving_background_swap,,0.27610257267951965,76,-0.010293394327163696
synthetic_4137_0,4137,71,Pomarine Jaeger,class_071\img04137_aug00.jpg,C:\Users\abuba\OneDrive\Desktop\GEN_AI\project\outputs\samples\synthetic_candidates\class_071\img04137_aug00.jpg,synthetic,foreground_preserving_background_swap,,0.2587859332561493,137,-0.04784315824508667
synthetic_4149_0,4149,71,Pomarine Jaeger,class_071\img04149_aug00.jpg,C:\Users\abuba\OneDrive\Desktop\GEN_AI\project\outputs\samples\synthetic_candidates\class_071\img04149_aug00.jpg,synthetic,foreground_preserving_background_swap,,0.21135154366493225,54,-0.10022827982902527
synthetic_4254_0,4254,72,Blue Jay,class_072\img04254_aug00.jpg,C:\Users\abuba\OneDrive\Desktop\GEN_AI\project\outputs\samples\synthetic_candidates\class_072\img04254_aug00.jpg,synthetic,foreground_preserving_background_swap,,0.3134920001029968,72,0.02681344747543335
synthetic_4197_0,4197,72,Blue Jay,class_072\img04197_aug00.jpg,C:\Users\abuba\OneDrive\Desktop\GEN_AI\project\outputs\samples\synthetic_candidates\class_072\img04197_aug00.jpg,synthetic,foreground_preserving_background_swap,,0.3583233952522278,72,0.042967259883880615
synthetic_4268_0,4268,73,Florida Jay,class_073\img04268_aug00.jpg,C:\Users\abuba\OneDrive\Desktop\GEN_AI\project\outputs\samples\synthetic_candidates\class_073\img04268_aug00.jpg,synthetic,foreground_preserving_background_swap,,0.2861490845680237,102,-0.030826866626739502
synthetic_4291_0,4291,73,Florida Jay,class_073\img04291_aug00.jpg,C:\Users\abuba\OneDrive\Desktop\GEN_AI\project\outputs\samples\synthetic_candidates\class_073\img04291_aug00.jpg,synthetic,foreground_preserving_background_swap,,0.2801310420036316,72,-0.015675246715545654
synthetic_4324_0,4324,74,Green Jay,class_074\img04324_aug00.jpg,C:\Users\abuba\OneDrive\Desktop\GEN_AI\project\outputs\samples\synthetic_candidates\class_074\img04324_aug00.jpg,synthetic,foreground_preserving_background_swap,,0.3676633834838867,74,0.06099161505699158
synthetic_4334_0,4334,74,Green Jay,class_074\img04334_aug00.jpg,C:\Users\abuba\OneDrive\Desktop\GEN_AI\project\outputs\samples\synthetic_candidates\class_074\img04334_aug00.jpg,synthetic,foreground_preserving_background_swap,,0.3485911786556244,74,0.05278399586677551
synthetic_4415_0,4415,75,Dark eyed Junco,class_075\img04415_aug00.jpg,C:\Users\abuba\OneDrive\Desktop\GEN_AI\project\outputs\samples\synthetic_candidates\class_075\img04415_aug00.jpg,synthetic,foreground_preserving_background_swap,,0.2674824893474579,143,-0.04633757472038269
synthetic_4380_0,4380,75,Dark eyed Junco,class_075\img04380_aug00.jpg,C:\Users\abuba\OneDrive\Desktop\GEN_AI\project\outputs\samples\synthetic_candidates\class_075\img04380_aug00.jpg,synthetic,foreground_preserving_background_swap,,0.31730735301971436,75,0.019615530967712402
synthetic_4483_0,4483,76,Tropical Kingbird,class_076\img04483_aug00.jpg,C:\Users\abuba\OneDrive\Desktop\GEN_AI\project\outputs\samples\synthetic_candidates\class_076\img04483_aug00.jpg,synthetic,foreground_preserving_background_swap,,0.31869518756866455,19,-0.0015384554862976074
synthetic_4491_0,4491,76,Tropical Kingbird,class_076\img04491_aug00.jpg,C:\Users\abuba\OneDrive\Desktop\GEN_AI\project\outputs\samples\synthetic_candidates\class_076\img04491_aug00.jpg,synthetic,foreground_preserving_background_swap,,0.2727603018283844,67,-0.014420002698898315
synthetic_4524_0,4524,77,Gray Kingbird,class_077\img04524_aug00.jpg,C:\Users\abuba\OneDrive\Desktop\GEN_AI\project\outputs\samples\synthetic_candidates\class_077\img04524_aug00.jpg,synthetic,foreground_preserving_background_swap,,0.31478846073150635,152,-0.0072356462478637695
synthetic_4540_0,4540,77,Gray Kingbird,class_077\img04540_aug00.jpg,C:\Users\abuba\OneDrive\Desktop\GEN_AI\project\outputs\samples\synthetic_candidates\class_077\img04540_aug00.jpg,synthetic,foreground_preserving_background_swap,,0.31642717123031616,73,-0.008015811443328857
synthetic_4604_0,4604,78,Belted Kingfisher,class_078\img04604_aug00.jpg,C:\Users\abuba\OneDrive\Desktop\GEN_AI\project\outputs\samples\synthetic_candidates\class_078\img04604_aug00.jpg,synthetic,foreground_preserving_background_swap,,0.327603816986084,78,0.0035341978073120117
synthetic_4563_0,4563,78,Belted Kingfisher,class_078\img04563_aug00.jpg,C:\Users\abuba\OneDrive\Desktop\GEN_AI\project\outputs\samples\synthetic_candidates\class_078\img04563_aug00.jpg,synthetic,foreground_preserving_background_swap,,0.3082566261291504,79,-0.03304475545883179
synthetic_4639_0,4639,79,Green Kingfisher,class_079\img04639_aug00.jpg,C:\Users\abuba\OneDrive\Desktop\GEN_AI\project\outputs\samples\synthetic_candidates\class_079\img04639_aug00.jpg,synthetic,foreground_preserving_background_swap,,0.22569414973258972,67,-0.09027239680290222
synthetic_4659_0,4659,79,Green Kingfisher,class_079\img04659_aug00.jpg,C:\Users\abuba\OneDrive\Desktop\GEN_AI\project\outputs\samples\synthetic_candidates\class_079\img04659_aug00.jpg,synthetic,foreground_preserving_background_swap,,0.28271418809890747,88,-0.0351872444152832
synthetic_4712_0,4712,80,Pied Kingfisher,class_080\img04712_aug00.jpg,C:\Users\abuba\OneDrive\Desktop\GEN_AI\project\outputs\samples\synthetic_candidates\class_080\img04712_aug00.jpg,synthetic,foreground_preserving_background_swap,,0.3345896601676941,80,0.006255805492401123
synthetic_4680_0,4680,80,Pied Kingfisher,class_080\img04680_aug00.jpg,C:\Users\abuba\OneDrive\Desktop\GEN_AI\project\outputs\samples\synthetic_candidates\class_080\img04680_aug00.jpg,synthetic,foreground_preserving_background_swap,,0.27707916498184204,87,-0.07059335708618164
synthetic_4769_0,4769,81,Ringed Kingfisher,class_081\img04769_aug00.jpg,C:\Users\abuba\OneDrive\Desktop\GEN_AI\project\outputs\samples\synthetic_candidates\class_081\img04769_aug00.jpg,synthetic,foreground_preserving_background_swap,,0.1800176203250885,138,-0.13576826453208923
synthetic_4756_0,4756,81,Ringed Kingfisher,class_081\img04756_aug00.jpg,C:\Users\abuba\OneDrive\Desktop\GEN_AI\project\outputs\samples\synthetic_candidates\class_081\img04756_aug00.jpg,synthetic,foreground_preserving_background_swap,,0.34680992364883423,81,0.0029271841049194336
synthetic_4803_0,4803,82,White breasted Kingfisher,class_082\img04803_aug00.jpg,C:\Users\abuba\OneDrive\Desktop\GEN_AI\project\outputs\samples\synthetic_candidates\class_082\img04803_aug00.jpg,synthetic,foreground_preserving_background_swap,,0.3185042142868042,82,0.023876845836639404
synthetic_4828_0,4828,82,White breasted Kingfisher,class_082\img04828_aug00.jpg,C:\Users\abuba\OneDrive\Desktop\GEN_AI\project\outputs\samples\synthetic_candidates\class_082\img04828_aug00.jpg,synthetic,foreground_preserving_background_swap,,0.27965930104255676,86,-0.036224037408828735
synthetic_4887_0,4887,83,Red legged Kittiwake,class_083\img04887_aug00.jpg,C:\Users\abuba\OneDrive\Desktop\GEN_AI\project\outputs\samples\synthetic_candidates\class_083\img04887_aug00.jpg,synthetic,foreground_preserving_background_swap,,0.29283392429351807,44,-0.012846827507019043
synthetic_4897_0,4897,83,Red legged Kittiwake,class_083\img04897_aug00.jpg,C:\Users\abuba\OneDrive\Desktop\GEN_AI\project\outputs\samples\synthetic_candidates\class_083\img04897_aug00.jpg,synthetic,foreground_preserving_background_swap,,0.2664632499217987,83,0.004384428262710571
synthetic_4964_0,4964,84,Horned Lark,class_084\img04964_aug00.jpg,C:\Users\abuba\OneDrive\Desktop\GEN_AI\project\outputs\samples\synthetic_candidates\class_084\img04964_aug00.jpg,synthetic,foreground_preserving_background_swap,,0.3371052145957947,84,0.04612046480178833
synthetic_4948_0,4948,84,Horned Lark,class_084\img04948_aug00.jpg,C:\Users\abuba\OneDrive\Desktop\GEN_AI\project\outputs\samples\synthetic_candidates\class_084\img04948_aug00.jpg,synthetic,foreground_preserving_background_swap,,0.3300289213657379,84,0.019511550664901733
synthetic_5022_0,5022,85,Pacific Loon,class_085\img05022_aug00.jpg,C:\Users\abuba\OneDrive\Desktop\GEN_AI\project\outputs\samples\synthetic_candidates\class_085\img05022_aug00.jpg,synthetic,foreground_preserving_background_swap,,0.31537359952926636,81,-0.03529095649719238
synthetic_4997_0,4997,85,Pacific Loon,class_085\img04997_aug00.jpg,C:\Users\abuba\OneDrive\Desktop\GEN_AI\project\outputs\samples\synthetic_candidates\class_085\img04997_aug00.jpg,synthetic,foreground_preserving_background_swap,,0.29743292927742004,30,-0.029712945222854614
synthetic_5052_0,5052,86,Mallard,class_086\img05052_aug00.jpg,C:\Users\abuba\OneDrive\Desktop\GEN_AI\project\outputs\samples\synthetic_candidates\class_086\img05052_aug00.jpg,synthetic,foreground_preserving_background_swap,,0.3207379877567291,86,0.06187877058982849
synthetic_5065_0,5065,86,Mallard,class_086\img05065_aug00.jpg,C:\Users\abuba\OneDrive\Desktop\GEN_AI\project\outputs\samples\synthetic_candidates\class_086\img05065_aug00.jpg,synthetic,foreground_preserving_background_swap,,0.3513382077217102,86,0.09430679678916931
synthetic_5112_0,5112,87,Western Meadowlark,class_087\img05112_aug00.jpg,C:\Users\abuba\OneDrive\Desktop\GEN_AI\project\outputs\samples\synthetic_candidates\class_087\img05112_aug00.jpg,synthetic,foreground_preserving_background_swap,,0.2925127148628235,175,-3.546476364135742e-05
synthetic_5130_0,5130,87,Western Meadowlark,class_087\img05130_aug00.jpg,C:\Users\abuba\OneDrive\Desktop\GEN_AI\project\outputs\samples\synthetic_candidates\class_087\img05130_aug00.jpg,synthetic,foreground_preserving_background_swap,,0.2654053270816803,175,-0.017092853784561157
synthetic_5158_0,5158,88,Hooded Merganser,class_088\img05158_aug00.jpg,C:\Users\abuba\OneDrive\Desktop\GEN_AI\project\outputs\samples\synthetic_candidates\class_088\img05158_aug00.jpg,synthetic,foreground_preserving_background_swap,,0.3377171456813812,88,0.02115735411643982
synthetic_5173_0,5173,88,Hooded Merganser,class_088\img05173_aug00.jpg,C:\Users\abuba\OneDrive\Desktop\GEN_AI\project\outputs\samples\synthetic_candidates\class_088\img05173_aug00.jpg,synthetic,foreground_preserving_background_swap,,0.36510396003723145,88,0.05759933590888977
synthetic_5217_0,5217,89,Red breasted Merganser,class_089\img05217_aug00.jpg,C:\Users\abuba\OneDrive\Desktop\GEN_AI\project\outputs\samples\synthetic_candidates\class_089\img05217_aug00.jpg,synthetic,foreground_preserving_background_swap,,0.24143654108047485,115,-0.07769498229026794
synthetic_5244_0,5244,89,Red breasted Merganser,class_089\img05244_aug00.jpg,C:\Users\abuba\OneDrive\Desktop\GEN_AI\project\outputs\samples\synthetic_candidates\class_089\img05244_aug00.jpg,synthetic,foreground_preserving_background_swap,,0.36136946082115173,89,0.029787391424179077
synthetic_5288_0,5288,90,Mockingbird,class_090\img05288_aug00.jpg,C:\Users\abuba\OneDrive\Desktop\GEN_AI\project\outputs\samples\synthetic_candidates\class_090\img05288_aug00.jpg,synthetic,foreground_preserving_background_swap,,0.27817752957344055,149,-0.04566505551338196
synthetic_5310_0,5310,90,Mockingbird,class_090\img05310_aug00.jpg,C:\Users\abuba\OneDrive\Desktop\GEN_AI\project\outputs\samples\synthetic_candidates\class_090\img05310_aug00.jpg,synthetic,foreground_preserving_background_swap,,0.29226332902908325,174,-0.022729039192199707
synthetic_5356_0,5356,91,Nighthawk,class_091\img05356_aug00.jpg,C:\Users\abuba\OneDrive\Desktop\GEN_AI\project\outputs\samples\synthetic_candidates\class_091\img05356_aug00.jpg,synthetic,foreground_preserving_background_swap,,0.16543814539909363,41,-0.12348693609237671
synthetic_5375_0,5375,91,Nighthawk,class_091\img05375_aug00.jpg,C:\Users\abuba\OneDrive\Desktop\GEN_AI\project\outputs\samples\synthetic_candidates\class_091\img05375_aug00.jpg,synthetic,foreground_preserving_background_swap,,0.21729256212711334,102,-0.08505533635616302
synthetic_5417_0,5417,92,Clark Nutcracker,class_092\img05417_aug00.jpg,C:\Users\abuba\OneDrive\Desktop\GEN_AI\project\outputs\samples\synthetic_candidates\class_092\img05417_aug00.jpg,synthetic,foreground_preserving_background_swap,,0.30278393626213074,6,-0.00546148419380188
synthetic_5418_0,5418,92,Clark Nutcracker,class_092\img05418_aug00.jpg,C:\Users\abuba\OneDrive\Desktop\GEN_AI\project\outputs\samples\synthetic_candidates\class_092\img05418_aug00.jpg,synthetic,foreground_preserving_background_swap,,0.33421435952186584,92,0.005368530750274658
synthetic_5495_0,5495,93,White breasted Nuthatch,class_093\img05495_aug00.jpg,C:\Users\abuba\OneDrive\Desktop\GEN_AI\project\outputs\samples\synthetic_candidates\class_093\img05495_aug00.jpg,synthetic,foreground_preserving_background_swap,,0.27430880069732666,131,-0.018097668886184692
synthetic_5462_0,5462,93,White breasted Nuthatch,class_093\img05462_aug00.jpg,C:\Users\abuba\OneDrive\Desktop\GEN_AI\project\outputs\samples\synthetic_candidates\class_093\img05462_aug00.jpg,synthetic,foreground_preserving_background_swap,,0.3238890767097473,163,-0.011901676654815674
synthetic_5512_0,5512,94,Baltimore Oriole,class_094\img05512_aug00.jpg,C:\Users\abuba\OneDrive\Desktop\GEN_AI\project\outputs\samples\synthetic_candidates\class_094\img05512_aug00.jpg,synthetic,foreground_preserving_background_swap,,0.30705583095550537,97,-0.00711745023727417
synthetic_5561_0,5561,94,Baltimore Oriole,class_094\img05561_aug00.jpg,C:\Users\abuba\OneDrive\Desktop\GEN_AI\project\outputs\samples\synthetic_candidates\class_094\img05561_aug00.jpg,synthetic,foreground_preserving_background_swap,,0.3030772805213928,88,-0.0033072829246520996
synthetic_5621_0,5621,95,Hooded Oriole,class_095\img05621_aug00.jpg,C:\Users\abuba\OneDrive\Desktop\GEN_AI\project\outputs\samples\synthetic_candidates\class_095\img05621_aug00.jpg,synthetic,foreground_preserving_background_swap,,0.34602561593055725,95,0.0068735480308532715
synthetic_5607_0,5607,95,Hooded Oriole,class_095\img05607_aug00.jpg,C:\Users\abuba\OneDrive\Desktop\GEN_AI\project\outputs\samples\synthetic_candidates\class_095\img05607_aug00.jpg,synthetic,foreground_preserving_background_swap,,0.317425400018692,46,-0.010112017393112183
synthetic_5663_0,5663,96,Orchard Oriole,class_096\img05663_aug00.jpg,C:\Users\abuba\OneDrive\Desktop\GEN_AI\project\outputs\samples\synthetic_candidates\class_096\img05663_aug00.jpg,synthetic,foreground_preserving_background_swap,,0.2498180866241455,141,-0.04636740684509277
synthetic_5675_0,5675,96,Orchard Oriole,class_096\img05675_aug00.jpg,C:\Users\abuba\OneDrive\Desktop\GEN_AI\project\outputs\samples\synthetic_candidates\class_096\img05675_aug00.jpg,synthetic,foreground_preserving_background_swap,,0.35984742641448975,96,0.02932155132293701
synthetic_5701_0,5701,97,Scott Oriole,class_097\img05701_aug00.jpg,C:\Users\abuba\OneDrive\Desktop\GEN_AI\project\outputs\samples\synthetic_candidates\class_097\img05701_aug00.jpg,synthetic,foreground_preserving_background_swap,,0.31096336245536804,95,-0.01874464750289917
synthetic_5699_0,5699,97,Scott Oriole,class_097\img05699_aug00.jpg,C:\Users\abuba\OneDrive\Desktop\GEN_AI\project\outputs\samples\synthetic_candidates\class_097\img05699_aug00.jpg,synthetic,foreground_preserving_background_swap,,0.3247916102409363,95,-0.017861664295196533
synthetic_5782_0,5782,98,Ovenbird,class_098\img05782_aug00.jpg,C:\Users\abuba\OneDrive\Desktop\GEN_AI\project\outputs\samples\synthetic_candidates\class_098\img05782_aug00.jpg,synthetic,foreground_preserving_background_swap,,0.36381638050079346,98,0.05400741100311279
synthetic_5756_0,5756,98,Ovenbird,class_098\img05756_aug00.jpg,C:\Users\abuba\OneDrive\Desktop\GEN_AI\project\outputs\samples\synthetic_candidates\class_098\img05756_aug00.jpg,synthetic,foreground_preserving_background_swap,,0.17249533534049988,80,-0.19984838366508484
synthetic_5825_0,5825,99,Brown Pelican,class_099\img05825_aug00.jpg,C:\Users\abuba\OneDrive\Desktop\GEN_AI\project\outputs\samples\synthetic_candidates\class_099\img05825_aug00.jpg,synthetic,foreground_preserving_background_swap,,0.29550793766975403,99,0.004045635461807251
synthetic_5824_0,5824,99,Brown Pelican,class_099\img05824_aug00.jpg,C:\Users\abuba\OneDrive\Desktop\GEN_AI\project\outputs\samples\synthetic_candidates\class_099\img05824_aug00.jpg,synthetic,foreground_preserving_background_swap,,0.31358984112739563,99,0.01423346996307373
synthetic_5892_0,5892,100,White Pelican,class_100\img05892_aug00.jpg,C:\Users\abuba\OneDrive\Desktop\GEN_AI\project\outputs\samples\synthetic_candidates\class_100\img05892_aug00.jpg,synthetic,foreground_preserving_background_swap,,0.3303569555282593,100,0.031182944774627686
synthetic_5872_0,5872,100,White Pelican,class_100\img05872_aug00.jpg,C:\Users\abuba\OneDrive\Desktop\GEN_AI\project\outputs\samples\synthetic_candidates\class_100\img05872_aug00.jpg,synthetic,foreground_preserving_background_swap,,0.3429722189903259,100,0.06124460697174072
synthetic_5916_0,5916,101,Western Wood Pewee,class_101\img05916_aug00.jpg,C:\Users\abuba\OneDrive\Desktop\GEN_AI\project\outputs\samples\synthetic_candidates\class_101\img05916_aug00.jpg,synthetic,foreground_preserving_background_swap,,0.32328805327415466,42,-0.02467009425163269
synthetic_5948_0,5948,101,Western Wood Pewee,class_101\img05948_aug00.jpg,C:\Users\abuba\OneDrive\Desktop\GEN_AI\project\outputs\samples\synthetic_candidates\class_101\img05948_aug00.jpg,synthetic,foreground_preserving_background_swap,,0.300254762172699,135,-0.003457486629486084
synthetic_6006_0,6006,102,Sayornis,class_102\img06006_aug00.jpg,C:\Users\abuba\OneDrive\Desktop\GEN_AI\project\outputs\samples\synthetic_candidates\class_102\img06006_aug00.jpg,synthetic,foreground_preserving_background_swap,,0.27296602725982666,101,-0.03564271330833435
synthetic_5980_0,5980,102,Sayornis,class_102\img05980_aug00.jpg,C:\Users\abuba\OneDrive\Desktop\GEN_AI\project\outputs\samples\synthetic_candidates\class_102\img05980_aug00.jpg,synthetic,foreground_preserving_background_swap,,0.2525743842124939,101,-0.08189219236373901
synthetic_6064_0,6064,103,American Pipit,class_103\img06064_aug00.jpg,C:\Users\abuba\OneDrive\Desktop\GEN_AI\project\outputs\samples\synthetic_candidates\class_103\img06064_aug00.jpg,synthetic,foreground_preserving_background_swap,,0.29827046394348145,170,-0.01098167896270752
synthetic_6083_0,6083,103,American Pipit,class_103\img06083_aug00.jpg,C:\Users\abuba\OneDrive\Desktop\GEN_AI\project\outputs\samples\synthetic_candidates\class_103\img06083_aug00.jpg,synthetic,foreground_preserving_background_swap,,0.17769113183021545,89,-0.14272800087928772
synthetic_6120_0,6120,104,Whip poor Will,class_104\img06120_aug00.jpg,C:\Users\abuba\OneDrive\Desktop\GEN_AI\project\outputs\samples\synthetic_candidates\class_104\img06120_aug00.jpg,synthetic,foreground_preserving_background_swap,,0.19874905049800873,195,-0.13979049026966095
synthetic_6110_0,6110,104,Whip poor Will,class_104\img06110_aug00.jpg,C:\Users\abuba\OneDrive\Desktop\GEN_AI\project\outputs\samples\synthetic_candidates\class_104\img06110_aug00.jpg,synthetic,foreground_preserving_background_swap,,0.1883876770734787,91,-0.12483038008213043
synthetic_6188_0,6188,105,Horned Puffin,class_105\img06188_aug00.jpg,C:\Users\abuba\OneDrive\Desktop\GEN_AI\project\outputs\samples\synthetic_candidates\class_105\img06188_aug00.jpg,synthetic,foreground_preserving_background_swap,,0.269308865070343,57,-0.03967803716659546
synthetic_6181_0,6181,105,Horned Puffin,class_105\img06181_aug00.jpg,C:\Users\abuba\OneDrive\Desktop\GEN_AI\project\outputs\samples\synthetic_candidates\class_105\img06181_aug00.jpg,synthetic,foreground_preserving_background_swap,,0.22617211937904358,7,-0.1087176501750946
synthetic_6238_0,6238,106,Common Raven,class_106\img06238_aug00.jpg,C:\Users\abuba\OneDrive\Desktop\GEN_AI\project\outputs\samples\synthetic_candidates\class_106\img06238_aug00.jpg,synthetic,foreground_preserving_background_swap,,0.25453025102615356,92,-0.031899988651275635
synthetic_6243_0,6243,106,Common Raven,class_106\img06243_aug00.jpg,C:\Users\abuba\OneDrive\Desktop\GEN_AI\project\outputs\samples\synthetic_candidates\class_106\img06243_aug00.jpg,synthetic,foreground_preserving_background_swap,,0.3169492483139038,106,0.006972253322601318
synthetic_6291_0,6291,107,White necked Raven,class_107\img06291_aug00.jpg,C:\Users\abuba\OneDrive\Desktop\GEN_AI\project\outputs\samples\synthetic_candidates\class_107\img06291_aug00.jpg,synthetic,foreground_preserving_background_swap,,0.25020942091941833,95,-0.07693031430244446
synthetic_6277_0,6277,107,White necked Raven,class_107\img06277_aug00.jpg,C:\Users\abuba\OneDrive\Desktop\GEN_AI\project\outputs\samples\synthetic_candidates\class_107\img06277_aug00.jpg,synthetic,foreground_preserving_background_swap,,0.25226375460624695,26,-0.07945123314857483
synthetic_6349_0,6349,108,American Redstart,class_108\img06349_aug00.jpg,C:\Users\abuba\OneDrive\Desktop\GEN_AI\project\outputs\samples\synthetic_candidates\class_108\img06349_aug00.jpg,synthetic,foreground_preserving_background_swap,,0.3164311349391937,20,-0.008598119020462036
synthetic_6328_0,6328,108,American Redstart,class_108\img06328_aug00.jpg,C:\Users\abuba\OneDrive\Desktop\GEN_AI\project\outputs\samples\synthetic_candidates\class_108\img06328_aug00.jpg,synthetic,foreground_preserving_background_swap,,0.34344154596328735,97,-0.00764620304107666
synthetic_6391_0,6391,109,Geococcyx,class_109\img06391_aug00.jpg,C:\Users\abuba\OneDrive\Desktop\GEN_AI\project\outputs\samples\synthetic_candidates\class_109\img06391_aug00.jpg,synthetic,foreground_preserving_background_swap,,0.15987662971019745,9,-0.14357532560825348
synthetic_6441_0,6441,109,Geococcyx,class_109\img06441_aug00.jpg,C:\Users\abuba\OneDrive\Desktop\GEN_AI\project\outputs\samples\synthetic_candidates\class_109\img06441_aug00.jpg,synthetic,foreground_preserving_background_swap,,0.14798441529273987,70,-0.13834747672080994
synthetic_6478_0,6478,110,Loggerhead Shrike,class_110\img06478_aug00.jpg,C:\Users\abuba\OneDrive\Desktop\GEN_AI\project\outputs\samples\synthetic_candidates\class_110\img06478_aug00.jpg,synthetic,foreground_preserving_background_swap,,0.33494341373443604,110,0.009393751621246338
synthetic_6489_0,6489,110,Loggerhead Shrike,class_110\img06489_aug00.jpg,C:\Users\abuba\OneDrive\Desktop\GEN_AI\project\outputs\samples\synthetic_candidates\class_110\img06489_aug00.jpg,synthetic,foreground_preserving_background_swap,,0.28188982605934143,77,-0.027761489152908325
synthetic_6539_0,6539,111,Great Grey Shrike,class_111\img06539_aug00.jpg,C:\Users\abuba\OneDrive\Desktop\GEN_AI\project\outputs\samples\synthetic_candidates\class_111\img06539_aug00.jpg,synthetic,foreground_preserving_background_swap,,0.357966810464859,110,-0.003580749034881592
synthetic_6535_0,6535,111,Great Grey Shrike,class_111\img06535_aug00.jpg,C:\Users\abuba\OneDrive\Desktop\GEN_AI\project\outputs\samples\synthetic_candidates\class_111\img06535_aug00.jpg,synthetic,foreground_preserving_background_swap,,0.258938729763031,134,-0.04963770508766174
synthetic_6572_0,6572,112,Baird Sparrow,class_112\img06572_aug00.jpg,C:\Users\abuba\OneDrive\Desktop\GEN_AI\project\outputs\samples\synthetic_candidates\class_112\img06572_aug00.jpg,synthetic,foreground_preserving_background_swap,,0.29055729508399963,128,-0.013161033391952515
synthetic_6598_0,6598,112,Baird Sparrow,class_112\img06598_aug00.jpg,C:\Users\abuba\OneDrive\Desktop\GEN_AI\project\outputs\samples\synthetic_candidates\class_112\img06598_aug00.jpg,synthetic,foreground_preserving_background_swap,,0.12898723781108856,86,-0.24218593537807465
synthetic_6633_0,6633,113,Black throated Sparrow,class_113\img06633_aug00.jpg,C:\Users\abuba\OneDrive\Desktop\GEN_AI\project\outputs\samples\synthetic_candidates\class_113\img06633_aug00.jpg,synthetic,foreground_preserving_background_swap,,0.2954963445663452,165,-0.00041940808296203613
synthetic_6654_0,6654,113,Black throated Sparrow,class_113\img06654_aug00.jpg,C:\Users\abuba\OneDrive\Desktop\GEN_AI\project\outputs\samples\synthetic_candidates\class_113\img06654_aug00.jpg,synthetic,foreground_preserving_background_swap,,0.31027716398239136,113,0.008655905723571777
synthetic_6715_0,6715,114,Brewer Sparrow,class_114\img06715_aug00.jpg,C:\Users\abuba\OneDrive\Desktop\GEN_AI\project\outputs\samples\synthetic_candidates\class_114\img06715_aug00.jpg,synthetic,foreground_preserving_background_swap,,0.28840172290802,170,-0.02796226739883423
synthetic_6726_0,6726,114,Brewer Sparrow,class_114\img06726_aug00.jpg,C:\Users\abuba\OneDrive\Desktop\GEN_AI\project\outputs\samples\synthetic_candidates\class_114\img06726_aug00.jpg,synthetic,foreground_preserving_background_swap,,0.28427156805992126,38,-0.04279491305351257
synthetic_6772_0,6772,115,Chipping Sparrow,class_115\img06772_aug00.jpg,C:\Users\abuba\OneDrive\Desktop\GEN_AI\project\outputs\samples\synthetic_candidates\class_115\img06772_aug00.jpg,synthetic,foreground_preserving_background_swap,,0.3013610243797302,117,-0.02846387028694153
synthetic_6739_0,6739,115,Chipping Sparrow,class_115\img06739_aug00.jpg,C:\Users\abuba\OneDrive\Desktop\GEN_AI\project\outputs\samples\synthetic_candidates\class_115\img06739_aug00.jpg,synthetic,foreground_preserving_background_swap,,0.30284881591796875,132,-0.029851913452148438
synthetic_6825_0,6825,116,Clay colored Sparrow,class_116\img06825_aug00.jpg,C:\Users\abuba\OneDrive\Desktop\GEN_AI\project\outputs\samples\synthetic_candidates\class_116\img06825_aug00.jpg,synthetic,foreground_preserving_background_swap,,0.3469785749912262,116,0.019410043954849243
synthetic_6817_0,6817,116,Clay colored Sparrow,class_116\img06817_aug00.jpg,C:\Users\abuba\OneDrive\Desktop\GEN_AI\project\outputs\samples\synthetic_candidates\class_116\img06817_aug00.jpg,synthetic,foreground_preserving_background_swap,,0.31975844502449036,120,-0.014404147863388062
synthetic_6891_0,6891,117,House Sparrow,class_117\img06891_aug00.jpg,C:\Users\abuba\OneDrive\Desktop\GEN_AI\project\outputs\samples\synthetic_candidates\class_117\img06891_aug00.jpg,synthetic,foreground_preserving_background_swap,,0.33568060398101807,117,0.015061914920806885
synthetic_6907_0,6907,117,House Sparrow,class_117\img06907_aug00.jpg,C:\Users\abuba\OneDrive\Desktop\GEN_AI\project\outputs\samples\synthetic_candidates\class_117\img06907_aug00.jpg,synthetic,foreground_preserving_background_swap,,0.32420408725738525,117,0.023809581995010376
synthetic_6930_0,6930,118,Field Sparrow,class_118\img06930_aug00.jpg,C:\Users\abuba\OneDrive\Desktop\GEN_AI\project\outputs\samples\synthetic_candidates\class_118\img06930_aug00.jpg,synthetic,foreground_preserving_background_swap,,0.29463905096054077,118,0.0004584193229675293
synthetic_6934_0,6934,118,Field Sparrow,class_118\img06934_aug00.jpg,C:\Users\abuba\OneDrive\Desktop\GEN_AI\project\outputs\samples\synthetic_candidates\class_118\img06934_aug00.jpg,synthetic,foreground_preserving_background_swap,,0.2954216003417969,122,-0.01759737730026245
synthetic_6984_0,6984,119,Fox Sparrow,class_119\img06984_aug00.jpg,C:\Users\abuba\OneDrive\Desktop\GEN_AI\project\outputs\samples\synthetic_candidates\class_119\img06984_aug00.jpg,synthetic,foreground_preserving_background_swap,,0.28094494342803955,128,-0.017679870128631592
synthetic_7016_0,7016,119,Fox Sparrow,class_119\img07016_aug00.jpg,C:\Users\abuba\OneDrive\Desktop\GEN_AI\project\outputs\samples\synthetic_candidates\class_119\img07016_aug00.jpg,synthetic,foreground_preserving_background_swap,,0.3355306088924408,128,-0.005630284547805786
synthetic_7042_0,7042,120,Grasshopper Sparrow,class_120\img07042_aug00.jpg,C:\Users\abuba\OneDrive\Desktop\GEN_AI\project\outputs\samples\synthetic_candidates\class_120\img07042_aug00.jpg,synthetic,foreground_preserving_background_swap,,0.318393349647522,120,0.006027102470397949
synthetic_7055_0,7055,120,Grasshopper Sparrow,class_120\img07055_aug00.jpg,C:\Users\abuba\OneDrive\Desktop\GEN_AI\project\outputs\samples\synthetic_candidates\class_120\img07055_aug00.jpg,synthetic,foreground_preserving_background_swap,,0.3438107371330261,120,0.013898521661758423
synthetic_7124_0,7124,121,Harris Sparrow,class_121\img07124_aug00.jpg,C:\Users\abuba\OneDrive\Desktop\GEN_AI\project\outputs\samples\synthetic_candidates\class_121\img07124_aug00.jpg,synthetic,foreground_preserving_background_swap,,0.29731643199920654,124,-0.01973956823348999
synthetic_7093_0,7093,121,Harris Sparrow,class_121\img07093_aug00.jpg,C:\Users\abuba\OneDrive\Desktop\GEN_AI\project\outputs\samples\synthetic_candidates\class_121\img07093_aug00.jpg,synthetic,foreground_preserving_background_swap,,0.21489083766937256,188,-0.13578379154205322
synthetic_7178_0,7178,122,Henslow Sparrow,class_122\img07178_aug00.jpg,C:\Users\abuba\OneDrive\Desktop\GEN_AI\project\outputs\samples\synthetic_candidates\class_122\img07178_aug00.jpg,synthetic,foreground_preserving_background_swap,,0.2890753149986267,87,-0.03232660889625549
synthetic_7164_0,7164,122,Henslow Sparrow,class_122\img07164_aug00.jpg,C:\Users\abuba\OneDrive\Desktop\GEN_AI\project\outputs\samples\synthetic_candidates\class_122\img07164_aug00.jpg,synthetic,foreground_preserving_background_swap,,0.3090871572494507,162,-0.030483484268188477
synthetic_7243_0,7243,123,Le Conte Sparrow,class_123\img07243_aug00.jpg,C:\Users\abuba\OneDrive\Desktop\GEN_AI\project\outputs\samples\synthetic_candidates\class_123\img07243_aug00.jpg,synthetic,foreground_preserving_background_swap,,0.3193315863609314,122,-0.01688474416732788
synthetic_7234_0,7234,123,Le Conte Sparrow,class_123\img07234_aug00.jpg,C:\Users\abuba\OneDrive\Desktop\GEN_AI\project\outputs\samples\synthetic_candidates\class_123\img07234_aug00.jpg,synthetic,foreground_preserving_background_swap,,0.3006008267402649,118,-0.01729607582092285
synthetic_7274_0,7274,124,Lincoln Sparrow,class_124\img07274_aug00.jpg,C:\Users\abuba\OneDrive\Desktop\GEN_AI\project\outputs\samples\synthetic_candidates\class_124\img07274_aug00.jpg,synthetic,foreground_preserving_background_swap,,0.31040430068969727,120,-0.009768187999725342
synthetic_7294_0,7294,124,Lincoln Sparrow,class_124\img07294_aug00.jpg,C:\Users\abuba\OneDrive\Desktop\GEN_AI\project\outputs\samples\synthetic_candidates\class_124\img07294_aug00.jpg,synthetic,foreground_preserving_background_swap,,0.24802204966545105,86,-0.06250831484794617
synthetic_7360_0,7360,125,Nelson Sharp tailed Sparrow,class_125\img07360_aug00.jpg,C:\Users\abuba\OneDrive\Desktop\GEN_AI\project\outputs\samples\synthetic_candidates\class_125\img07360_aug00.jpg,synthetic,foreground_preserving_background_swap,,0.27002236247062683,194,-0.055957287549972534
synthetic_7362_0,7362,125,Nelson Sharp tailed Sparrow,class_125\img07362_aug00.jpg,C:\Users\abuba\OneDrive\Desktop\GEN_AI\project\outputs\samples\synthetic_candidates\class_125\img07362_aug00.jpg,synthetic,foreground_preserving_background_swap,,0.22477982938289642,145,-0.05096639692783356
synthetic_7437_0,7437,126,Savannah Sparrow,class_126\img07437_aug00.jpg,C:\Users\abuba\OneDrive\Desktop\GEN_AI\project\outputs\samples\synthetic_candidates\class_126\img07437_aug00.jpg,synthetic,foreground_preserving_background_swap,,0.2585291266441345,17,-0.062079787254333496
synthetic_7433_0,7433,126,Savannah Sparrow,class_126\img07433_aug00.jpg,C:\Users\abuba\OneDrive\Desktop\GEN_AI\project\outputs\samples\synthetic_candidates\class_126\img07433_aug00.jpg,synthetic,foreground_preserving_background_swap,,0.32395076751708984,120,-0.018065720796585083
synthetic_7501_0,7501,127,Seaside Sparrow,class_127\img07501_aug00.jpg,C:\Users\abuba\OneDrive\Desktop\GEN_AI\project\outputs\samples\synthetic_candidates\class_127\img07501_aug00.jpg,synthetic,foreground_preserving_background_swap,,0.2808237075805664,9,-0.049343645572662354
synthetic_7461_0,7461,127,Seaside Sparrow,class_127\img07461_aug00.jpg,C:\Users\abuba\OneDrive\Desktop\GEN_AI\project\outputs\samples\synthetic_candidates\class_127\img07461_aug00.jpg,synthetic,foreground_preserving_background_swap,,0.2915040850639343,17,-0.04230761528015137
synthetic_7543_0,7543,128,Song Sparrow,class_128\img07543_aug00.jpg,C:\Users\abuba\OneDrive\Desktop\GEN_AI\project\outputs\samples\synthetic_candidates\class_128\img07543_aug00.jpg,synthetic,foreground_preserving_background_swap,,0.28442955017089844,115,-0.012589186429977417
synthetic_7549_0,7549,128,Song Sparrow,class_128\img07549_aug00.jpg,C:\Users\abuba\OneDrive\Desktop\GEN_AI\project\outputs\samples\synthetic_candidates\class_128\img07549_aug00.jpg,synthetic,foreground_preserving_background_swap,,0.2609165906906128,34,-0.068062424659729
synthetic_7618_0,7618,129,Tree Sparrow,class_129\img07618_aug00.jpg,C:\Users\abuba\OneDrive\Desktop\GEN_AI\project\outputs\samples\synthetic_candidates\class_129\img07618_aug00.jpg,synthetic,foreground_preserving_background_swap,,0.3460010588169098,117,-0.007150322198867798
synthetic_7610_0,7610,129,Tree Sparrow,class_129\img07610_aug00.jpg,C:\Users\abuba\OneDrive\Desktop\GEN_AI\project\outputs\samples\synthetic_candidates\class_129\img07610_aug00.jpg,synthetic,foreground_preserving_background_swap,,0.3005148768424988,110,-0.0371701717376709
synthetic_7656_0,7656,130,Vesper Sparrow,class_130\img07656_aug00.jpg,C:\Users\abuba\OneDrive\Desktop\GEN_AI\project\outputs\samples\synthetic_candidates\class_130\img07656_aug00.jpg,synthetic,foreground_preserving_background_swap,,0.2784494161605835,126,-0.010237574577331543
synthetic_7676_0,7676,130,Vesper Sparrow,class_130\img07676_aug00.jpg,C:\Users\abuba\OneDrive\Desktop\GEN_AI\project\outputs\samples\synthetic_candidates\class_130\img07676_aug00.jpg,synthetic,foreground_preserving_background_swap,,0.2947394847869873,119,-0.03032630681991577
synthetic_7718_0,7718,131,White crowned Sparrow,class_131\img07718_aug00.jpg,C:\Users\abuba\OneDrive\Desktop\GEN_AI\project\outputs\samples\synthetic_candidates\class_131\img07718_aug00.jpg,synthetic,foreground_preserving_background_swap,,0.2999739944934845,33,-0.03415265679359436
synthetic_7700_0,7700,131,White crowned Sparrow,class_131\img07700_aug00.jpg,C:\Users\abuba\OneDrive\Desktop\GEN_AI\project\outputs\samples\synthetic_candidates\class_131\img07700_aug00.jpg,synthetic,foreground_preserving_background_swap,,0.251460999250412,55,-0.050810307264328
synthetic_7750_0,7750,132,White throated Sparrow,class_132\img07750_aug00.jpg,C:\Users\abuba\OneDrive\Desktop\GEN_AI\project\outputs\samples\synthetic_candidates\class_132\img07750_aug00.jpg,synthetic,foreground_preserving_background_swap,,0.3353844881057739,132,0.006540119647979736
synthetic_7797_0,7797,132,White throated Sparrow,class_132\img07797_aug00.jpg,C:\Users\abuba\OneDrive\Desktop\GEN_AI\project\outputs\samples\synthetic_candidates\class_132\img07797_aug00.jpg,synthetic,foreground_preserving_background_swap,,0.3059653341770172,120,-0.03820034861564636
synthetic_7816_0,7816,133,Cape Glossy Starling,class_133\img07816_aug00.jpg,C:\Users\abuba\OneDrive\Desktop\GEN_AI\project\outputs\samples\synthetic_candidates\class_133\img07816_aug00.jpg,synthetic,foreground_preserving_background_swap,,0.28461429476737976,135,-0.025090157985687256
synthetic_7827_0,7827,133,Cape Glossy Starling,class_133\img07827_aug00.jpg,C:\Users\abuba\OneDrive\Desktop\GEN_AI\project\outputs\samples\synthetic_candidates\class_133\img07827_aug00.jpg,synthetic,foreground_preserving_background_swap,,0.3391801714897156,133,2.2649765014648438e-06
synthetic_7881_0,7881,134,Bank Swallow,class_134\img07881_aug00.jpg,C:\Users\abuba\OneDrive\Desktop\GEN_AI\project\outputs\samples\synthetic_candidates\class_134\img07881_aug00.jpg,synthetic,foreground_preserving_background_swap,,0.29868078231811523,39,-0.015374064445495605
synthetic_7898_0,7898,134,Bank Swallow,class_134\img07898_aug00.jpg,C:\Users\abuba\OneDrive\Desktop\GEN_AI\project\outputs\samples\synthetic_candidates\class_134\img07898_aug00.jpg,synthetic,foreground_preserving_background_swap,,0.30672842264175415,27,-0.030430853366851807
synthetic_7960_0,7960,135,Barn Swallow,class_135\img07960_aug00.jpg,C:\Users\abuba\OneDrive\Desktop\GEN_AI\project\outputs\samples\synthetic_candidates\class_135\img07960_aug00.jpg,synthetic,foreground_preserving_background_swap,,0.37646251916885376,135,0.05151557922363281
synthetic_7957_0,7957,135,Barn Swallow,class_135\img07957_aug00.jpg,C:\Users\abuba\OneDrive\Desktop\GEN_AI\project\outputs\samples\synthetic_candidates\class_135\img07957_aug00.jpg,synthetic,foreground_preserving_background_swap,,0.34412771463394165,135,0.05012589693069458
synthetic_8041_0,8041,136,Cliff Swallow,class_136\img08041_aug00.jpg,C:\Users\abuba\OneDrive\Desktop\GEN_AI\project\outputs\samples\synthetic_candidates\class_136\img08041_aug00.jpg,synthetic,foreground_preserving_background_swap,,0.32705989480018616,135,-0.02722182869911194
synthetic_7997_0,7997,136,Cliff Swallow,class_136\img07997_aug00.jpg,C:\Users\abuba\OneDrive\Desktop\GEN_AI\project\outputs\samples\synthetic_candidates\class_136\img07997_aug00.jpg,synthetic,foreground_preserving_background_swap,,0.31886404752731323,135,-0.020313382148742676
synthetic_8102_0,8102,137,Tree Swallow,class_137\img08102_aug00.jpg,C:\Users\abuba\OneDrive\Desktop\GEN_AI\project\outputs\samples\synthetic_candidates\class_137\img08102_aug00.jpg,synthetic,foreground_preserving_background_swap,,0.33043771982192993,137,0.033479928970336914
synthetic_8047_0,8047,137,Tree Swallow,class_137\img08047_aug00.jpg,C:\Users\abuba\OneDrive\Desktop\GEN_AI\project\outputs\samples\synthetic_candidates\class_137\img08047_aug00.jpg,synthetic,foreground_preserving_background_swap,,0.3258250951766968,137,0.02519446611404419
synthetic_8116_0,8116,138,Scarlet Tanager,class_138\img08116_aug00.jpg,C:\Users\abuba\OneDrive\Desktop\GEN_AI\project\outputs\samples\synthetic_candidates\class_138\img08116_aug00.jpg,synthetic,foreground_preserving_background_swap,,0.33345746994018555,138,0.02263796329498291
synthetic_8163_0,8163,138,Scarlet Tanager,class_138\img08163_aug00.jpg,C:\Users\abuba\OneDrive\Desktop\GEN_AI\project\outputs\samples\synthetic_candidates\class_138\img08163_aug00.jpg,synthetic,foreground_preserving_background_swap,,0.26670485734939575,9,-0.02661997079849243
synthetic_8214_0,8214,139,Summer Tanager,class_139\img08214_aug00.jpg,C:\Users\abuba\OneDrive\Desktop\GEN_AI\project\outputs\samples\synthetic_candidates\class_139\img08214_aug00.jpg,synthetic,foreground_preserving_background_swap,,0.3351147770881653,138,-0.0159895122051239
synthetic_8193_0,8193,139,Summer Tanager,class_139\img08193_aug00.jpg,C:\Users\abuba\OneDrive\Desktop\GEN_AI\project\outputs\samples\synthetic_candidates\class_139\img08193_aug00.jpg,synthetic,foreground_preserving_background_swap,,0.3328470289707184,139,0.01716059446334839
synthetic_8267_0,8267,140,Artic Tern,class_140\img08267_aug00.jpg,C:\Users\abuba\OneDrive\Desktop\GEN_AI\project\outputs\samples\synthetic_candidates\class_140\img08267_aug00.jpg,synthetic,foreground_preserving_background_swap,,0.2125314623117447,134,-0.09505270421504974
synthetic_8230_0,8230,140,Artic Tern,class_140\img08230_aug00.jpg,C:\Users\abuba\OneDrive\Desktop\GEN_AI\project\outputs\samples\synthetic_candidates\class_140\img08230_aug00.jpg,synthetic,foreground_preserving_background_swap,,0.22501550614833832,6,-0.11145217716693878
synthetic_8289_0,8289,141,Black Tern,class_141\img08289_aug00.jpg,C:\Users\abuba\OneDrive\Desktop\GEN_AI\project\outputs\samples\synthetic_candidates\class_141\img08289_aug00.jpg,synthetic,foreground_preserving_background_swap,,0.3379717469215393,141,0.005255162715911865
synthetic_8324_0,8324,141,Black Tern,class_141\img08324_aug00.jpg,C:\Users\abuba\OneDrive\Desktop\GEN_AI\project\outputs\samples\synthetic_candidates\class_141\img08324_aug00.jpg,synthetic,foreground_preserving_background_swap,,0.23337985575199127,135,-0.11448876559734344
synthetic_8369_0,8369,142,Caspian Tern,class_142\img08369_aug00.jpg,C:\Users\abuba\OneDrive\Desktop\GEN_AI\project\outputs\samples\synthetic_candidates\class_142\img08369_aug00.jpg,synthetic,foreground_preserving_background_swap,,0.2665044069290161,16,-0.028311461210250854
synthetic_8373_0,8373,142,Caspian Tern,class_142\img08373_aug00.jpg,C:\Users\abuba\OneDrive\Desktop\GEN_AI\project\outputs\samples\synthetic_candidates\class_142\img08373_aug00.jpg,synthetic,foreground_preserving_background_swap,,0.2814735770225525,144,-0.022240161895751953
synthetic_8419_0,8419,143,Common Tern,class_143\img08419_aug00.jpg,C:\Users\abuba\OneDrive\Desktop\GEN_AI\project\outputs\samples\synthetic_candidates\class_143\img08419_aug00.jpg,synthetic,foreground_preserving_background_swap,,0.2423277497291565,120,-0.06368625164031982
synthetic_8459_0,8459,143,Common Tern,class_143\img08459_aug00.jpg,C:\Users\abuba\OneDrive\Desktop\GEN_AI\project\outputs\samples\synthetic_candidates\class_143\img08459_aug00.jpg,synthetic,foreground_preserving_background_swap,,0.32013750076293945,146,-0.020959913730621338
synthetic_8520_0,8520,144,Elegant Tern,class_144\img08520_aug00.jpg,C:\Users\abuba\OneDrive\Desktop\GEN_AI\project\outputs\samples\synthetic_candidates\class_144\img08520_aug00.jpg,synthetic,foreground_preserving_background_swap,,0.28801512718200684,135,-0.019103944301605225
synthetic_8480_0,8480,144,Elegant Tern,class_144\img08480_aug00.jpg,C:\Users\abuba\OneDrive\Desktop\GEN_AI\project\outputs\samples\synthetic_candidates\class_144\img08480_aug00.jpg,synthetic,foreground_preserving_background_swap,,0.21886608004570007,108,-0.08703228831291199
synthetic_8540_0,8540,145,Forsters Tern,class_145\img08540_aug00.jpg,C:\Users\abuba\OneDrive\Desktop\GEN_AI\project\outputs\samples\synthetic_candidates\class_145\img08540_aug00.jpg,synthetic,foreground_preserving_background_swap,,0.219300776720047,188,-0.12082359194755554
synthetic_8570_0,8570,145,Forsters Tern,class_145\img08570_aug00.jpg,C:\Users\abuba\OneDrive\Desktop\GEN_AI\project\outputs\samples\synthetic_candidates\class_145\img08570_aug00.jpg,synthetic,foreground_preserving_background_swap,,0.2548370361328125,86,-0.07822296023368835
synthetic_8636_0,8636,146,Least Tern,class_146\img08636_aug00.jpg,C:\Users\abuba\OneDrive\Desktop\GEN_AI\project\outputs\samples\synthetic_candidates\class_146\img08636_aug00.jpg,synthetic,foreground_preserving_background_swap,,0.2964424788951874,144,-0.00885191559791565
synthetic_8599_0,8599,146,Least Tern,class_146\img08599_aug00.jpg,C:\Users\abuba\OneDrive\Desktop\GEN_AI\project\outputs\samples\synthetic_candidates\class_146\img08599_aug00.jpg,synthetic,foreground_preserving_background_swap,,0.2598409950733185,141,-0.0713973343372345
synthetic_8657_0,8657,147,Green tailed Towhee,class_147\img08657_aug00.jpg,C:\Users\abuba\OneDrive\Desktop\GEN_AI\project\outputs\samples\synthetic_candidates\class_147\img08657_aug00.jpg,synthetic,foreground_preserving_background_swap,,0.36183783411979675,147,0.0562271773815155
synthetic_8671_0,8671,147,Green tailed Towhee,class_147\img08671_aug00.jpg,C:\Users\abuba\OneDrive\Desktop\GEN_AI\project\outputs\samples\synthetic_candidates\class_147\img08671_aug00.jpg,synthetic,foreground_preserving_background_swap,,0.3143814206123352,147,0.00805211067199707
synthetic_8717_0,8717,148,Brown Thrasher,class_148\img08717_aug00.jpg,C:\Users\abuba\OneDrive\Desktop\GEN_AI\project\outputs\samples\synthetic_candidates\class_148\img08717_aug00.jpg,synthetic,foreground_preserving_background_swap,,0.3053988814353943,148,0.037090420722961426
synthetic_8714_0,8714,148,Brown Thrasher,class_148\img08714_aug00.jpg,C:\Users\abuba\OneDrive\Desktop\GEN_AI\project\outputs\samples\synthetic_candidates\class_148\img08714_aug00.jpg,synthetic,foreground_preserving_background_swap,,0.37178370356559753,148,0.037419408559799194
synthetic_8770_0,8770,149,Sage Thrasher,class_149\img08770_aug00.jpg,C:\Users\abuba\OneDrive\Desktop\GEN_AI\project\outputs\samples\synthetic_candidates\class_149\img08770_aug00.jpg,synthetic,foreground_preserving_background_swap,,0.3044469356536865,148,-0.014152705669403076
synthetic_8772_0,8772,149,Sage Thrasher,class_149\img08772_aug00.jpg,C:\Users\abuba\OneDrive\Desktop\GEN_AI\project\outputs\samples\synthetic_candidates\class_149\img08772_aug00.jpg,synthetic,foreground_preserving_background_swap,,0.261157751083374,8,-0.0561983585357666
synthetic_8848_0,8848,150,Black capped Vireo,class_150\img08848_aug00.jpg,C:\Users\abuba\OneDrive\Desktop\GEN_AI\project\outputs\samples\synthetic_candidates\class_150\img08848_aug00.jpg,synthetic,foreground_preserving_background_swap,,0.25995033979415894,131,-0.06705647706985474
synthetic_8851_0,8851,150,Black capped Vireo,class_150\img08851_aug00.jpg,C:\Users\abuba\OneDrive\Desktop\GEN_AI\project\outputs\samples\synthetic_candidates\class_150\img08851_aug00.jpg,synthetic,foreground_preserving_background_swap,,0.26839935779571533,30,-0.037302613258361816
synthetic_8885_0,8885,151,Blue headed Vireo,class_151\img08885_aug00.jpg,C:\Users\abuba\OneDrive\Desktop\GEN_AI\project\outputs\samples\synthetic_candidates\class_151\img08885_aug00.jpg,synthetic,foreground_preserving_background_swap,,0.3403913378715515,151,0.0017960071563720703
synthetic_8886_0,8886,151,Blue headed Vireo,class_151\img08886_aug00.jpg,C:\Users\abuba\OneDrive\Desktop\GEN_AI\project\outputs\samples\synthetic_candidates\class_151\img08886_aug00.jpg,synthetic,foreground_preserving_background_swap,,0.2668832540512085,178,-0.04237985610961914
synthetic_8974_0,8974,152,Philadelphia Vireo,class_152\img08974_aug00.jpg,C:\Users\abuba\OneDrive\Desktop\GEN_AI\project\outputs\samples\synthetic_candidates\class_152\img08974_aug00.jpg,synthetic,foreground_preserving_background_swap,,0.3340745270252228,178,-0.013477116823196411
synthetic_8963_0,8963,152,Philadelphia Vireo,class_152\img08963_aug00.jpg,C:\Users\abuba\OneDrive\Desktop\GEN_AI\project\outputs\samples\synthetic_candidates\class_152\img08963_aug00.jpg,synthetic,foreground_preserving_background_swap,,0.24048927426338196,169,-0.051639705896377563
synthetic_9041_0,9041,153,Red eyed Vireo,class_153\img09041_aug00.jpg,C:\Users\abuba\OneDrive\Desktop\GEN_AI\project\outputs\samples\synthetic_candidates\class_153\img09041_aug00.jpg,synthetic,foreground_preserving_background_swap,,0.33362746238708496,153,0.015745580196380615
synthetic_9042_0,9042,153,Red eyed Vireo,class_153\img09042_aug00.jpg,C:\Users\abuba\OneDrive\Desktop\GEN_AI\project\outputs\samples\synthetic_candidates\class_153\img09042_aug00.jpg,synthetic,foreground_preserving_background_swap,,0.23171192407608032,46,-0.08126252889633179
synthetic_9059_0,9059,154,Warbling Vireo,class_154\img09059_aug00.jpg,C:\Users\abuba\OneDrive\Desktop\GEN_AI\project\outputs\samples\synthetic_candidates\class_154\img09059_aug00.jpg,synthetic,foreground_preserving_background_swap,,0.27907976508140564,178,-0.02607521414756775
synthetic_9093_0,9093,154,Warbling Vireo,class_154\img09093_aug00.jpg,C:\Users\abuba\OneDrive\Desktop\GEN_AI\project\outputs\samples\synthetic_candidates\class_154\img09093_aug00.jpg,synthetic,foreground_preserving_background_swap,,0.17485131323337555,51,-0.1159706562757492
synthetic_9120_0,9120,155,White eyed Vireo,class_155\img09120_aug00.jpg,C:\Users\abuba\OneDrive\Desktop\GEN_AI\project\outputs\samples\synthetic_candidates\class_155\img09120_aug00.jpg,synthetic,foreground_preserving_background_swap,,0.10454972088336945,100,-0.21727462112903595
synthetic_9123_0,9123,155,White eyed Vireo,class_155\img09123_aug00.jpg,C:\Users\abuba\OneDrive\Desktop\GEN_AI\project\outputs\samples\synthetic_candidates\class_155\img09123_aug00.jpg,synthetic,foreground_preserving_background_swap,,0.27480411529541016,31,-0.04027378559112549
synthetic_9204_0,9204,156,Yellow throated Vireo,class_156\img09204_aug00.jpg,C:\Users\abuba\OneDrive\Desktop\GEN_AI\project\outputs\samples\synthetic_candidates\class_156\img09204_aug00.jpg,synthetic,foreground_preserving_background_swap,,0.3287038207054138,156,0.011510491371154785
synthetic_9199_0,9199,156,Yellow throated Vireo,class_156\img09199_aug00.jpg,C:\Users\abuba\OneDrive\Desktop\GEN_AI\project\outputs\samples\synthetic_candidates\class_156\img09199_aug00.jpg,synthetic,foreground_preserving_background_swap,,0.2909494638442993,156,0.012562990188598633
synthetic_9253_0,9253,157,Bay breasted Warbler,class_157\img09253_aug00.jpg,C:\Users\abuba\OneDrive\Desktop\GEN_AI\project\outputs\samples\synthetic_candidates\class_157\img09253_aug00.jpg,synthetic,foreground_preserving_background_swap,,0.28683751821517944,15,-0.041791051626205444
synthetic_9269_0,9269,157,Bay breasted Warbler,class_157\img09269_aug00.jpg,C:\Users\abuba\OneDrive\Desktop\GEN_AI\project\outputs\samples\synthetic_candidates\class_157\img09269_aug00.jpg,synthetic,foreground_preserving_background_swap,,0.25059428811073303,88,-0.03813716769218445
synthetic_9335_0,9335,158,Black and white Warbler,class_158\img09335_aug00.jpg,C:\Users\abuba\OneDrive\Desktop\GEN_AI\project\outputs\samples\synthetic_candidates\class_158\img09335_aug00.jpg,synthetic,foreground_preserving_background_swap,,0.3463584780693054,158,0.03526341915130615
synthetic_9317_0,9317,158,Black and white Warbler,class_158\img09317_aug00.jpg,C:\Users\abuba\OneDrive\Desktop\GEN_AI\project\outputs\samples\synthetic_candidates\class_158\img09317_aug00.jpg,synthetic,foreground_preserving_background_swap,,0.3299133777618408,158,0.01054912805557251
synthetic_9388_0,9388,159,Black throated Blue Warbler,class_159\img09388_aug00.jpg,C:\Users\abuba\OneDrive\Desktop\GEN_AI\project\outputs\samples\synthetic_candidates\class_159\img09388_aug00.jpg,synthetic,foreground_preserving_background_swap,,0.2955068349838257,150,-0.014450252056121826
synthetic_9381_0,9381,159,Black throated Blue Warbler,class_159\img09381_aug00.jpg,C:\Users\abuba\OneDrive\Desktop\GEN_AI\project\outputs\samples\synthetic_candidates\class_159\img09381_aug00.jpg,synthetic,foreground_preserving_background_swap,,0.2869075536727905,8,-0.06540772318840027
synthetic_9454_0,9454,160,Blue winged Warbler,class_160\img09454_aug00.jpg,C:\Users\abuba\OneDrive\Desktop\GEN_AI\project\outputs\samples\synthetic_candidates\class_160\img09454_aug00.jpg,synthetic,foreground_preserving_background_swap,,0.3125476837158203,176,-0.0029878616333007812
synthetic_9415_0,9415,160,Blue winged Warbler,class_160\img09415_aug00.jpg,C:\Users\abuba\OneDrive\Desktop\GEN_AI\project\outputs\samples\synthetic_candidates\class_160\img09415_aug00.jpg,synthetic,foreground_preserving_background_swap,,0.3460110127925873,160,0.03319835662841797
synthetic_9530_0,9530,161,Canada Warbler,class_161\img09530_aug00.jpg,C:\Users\abuba\OneDrive\Desktop\GEN_AI\project\outputs\samples\synthetic_candidates\class_161\img09530_aug00.jpg,synthetic,foreground_preserving_background_swap,,0.22839613258838654,15,-0.03956227004528046
synthetic_9521_0,9521,161,Canada Warbler,class_161\img09521_aug00.jpg,C:\Users\abuba\OneDrive\Desktop\GEN_AI\project\outputs\samples\synthetic_candidates\class_161\img09521_aug00.jpg,synthetic,foreground_preserving_background_swap,,0.3225116729736328,87,-0.004620850086212158
synthetic_9563_0,9563,162,Cape May Warbler,class_162\img09563_aug00.jpg,C:\Users\abuba\OneDrive\Desktop\GEN_AI\project\outputs\samples\synthetic_candidates\class_162\img09563_aug00.jpg,synthetic,foreground_preserving_background_swap,,0.23524904251098633,46,-0.054947614669799805
synthetic_9559_0,9559,162,Cape May Warbler,class_162\img09559_aug00.jpg,C:\Users\abuba\OneDrive\Desktop\GEN_AI\project\outputs\samples\synthetic_candidates\class_162\img09559_aug00.jpg,synthetic,foreground_preserving_background_swap,,0.29941052198410034,162,0.015043377876281738
synthetic_9632_0,9632,163,Cerulean Warbler,class_163\img09632_aug00.jpg,C:\Users\abuba\OneDrive\Desktop\GEN_AI\project\outputs\samples\synthetic_candidates\class_163\img09632_aug00.jpg,synthetic,foreground_preserving_background_swap,,0.1352781057357788,7,-0.2663325071334839
synthetic_9626_0,9626,163,Cerulean Warbler,class_163\img09626_aug00.jpg,C:\Users\abuba\OneDrive\Desktop\GEN_AI\project\outputs\samples\synthetic_candidates\class_163\img09626_aug00.jpg,synthetic,foreground_preserving_background_swap,,0.30036020278930664,159,-0.00460737943649292
synthetic_9680_0,9680,164,Chestnut sided Warbler,class_164\img09680_aug00.jpg,C:\Users\abuba\OneDrive\Desktop\GEN_AI\project\outputs\samples\synthetic_candidates\class_164\img09680_aug00.jpg,synthetic,foreground_preserving_background_swap,,0.2865164875984192,12,-0.036350250244140625
synthetic_9694_0,9694,164,Chestnut sided Warbler,class_164\img09694_aug00.jpg,C:\Users\abuba\OneDrive\Desktop\GEN_AI\project\outputs\samples\synthetic_candidates\class_164\img09694_aug00.jpg,synthetic,foreground_preserving_background_swap,,0.3146072030067444,164,0.007325232028961182
synthetic_9741_0,9741,165,Golden winged Warbler,class_165\img09741_aug00.jpg,C:\Users\abuba\OneDrive\Desktop\GEN_AI\project\outputs\samples\synthetic_candidates\class_165\img09741_aug00.jpg,synthetic,foreground_preserving_background_swap,,0.2933683395385742,87,-0.042971134185791016
synthetic_9731_0,9731,165,Golden winged Warbler,class_165\img09731_aug00.jpg,C:\Users\abuba\OneDrive\Desktop\GEN_AI\project\outputs\samples\synthetic_candidates\class_165\img09731_aug00.jpg,synthetic,foreground_preserving_background_swap,,0.33143162727355957,160,-0.0025849640369415283
synthetic_9788_0,9788,166,Hooded Warbler,class_166\img09788_aug00.jpg,C:\Users\abuba\OneDrive\Desktop\GEN_AI\project\outputs\samples\synthetic_candidates\class_166\img09788_aug00.jpg,synthetic,foreground_preserving_background_swap,,0.3321889638900757,166,0.004230201244354248
synthetic_9781_0,9781,166,Hooded Warbler,class_166\img09781_aug00.jpg,C:\Users\abuba\OneDrive\Desktop\GEN_AI\project\outputs\samples\synthetic_candidates\class_166\img09781_aug00.jpg,synthetic,foreground_preserving_background_swap,,0.24071332812309265,102,-0.035728901624679565
synthetic_9831_0,9831,167,Kentucky Warbler,class_167\img09831_aug00.jpg,C:\Users\abuba\OneDrive\Desktop\GEN_AI\project\outputs\samples\synthetic_candidates\class_167\img09831_aug00.jpg,synthetic,foreground_preserving_background_swap,,0.3378250300884247,167,0.003986954689025879
synthetic_9886_0,9886,167,Kentucky Warbler,class_167\img09886_aug00.jpg,C:\Users\abuba\OneDrive\Desktop\GEN_AI\project\outputs\samples\synthetic_candidates\class_167\img09886_aug00.jpg,synthetic,foreground_preserving_background_swap,,0.32903560996055603,166,-0.03029879927635193
synthetic_9944_0,9944,168,Magnolia Warbler,class_168\img09944_aug00.jpg,C:\Users\abuba\OneDrive\Desktop\GEN_AI\project\outputs\samples\synthetic_candidates\class_168\img09944_aug00.jpg,synthetic,foreground_preserving_background_swap,,0.3370763659477234,168,0.015514880418777466
synthetic_9926_0,9926,168,Magnolia Warbler,class_168\img09926_aug00.jpg,C:\Users\abuba\OneDrive\Desktop\GEN_AI\project\outputs\samples\synthetic_candidates\class_168\img09926_aug00.jpg,synthetic,foreground_preserving_background_swap,,0.3322100341320038,175,-0.01032683253288269
synthetic_9969_0,9969,169,Mourning Warbler,class_169\img09969_aug00.jpg,C:\Users\abuba\OneDrive\Desktop\GEN_AI\project\outputs\samples\synthetic_candidates\class_169\img09969_aug00.jpg,synthetic,foreground_preserving_background_swap,,0.2121272087097168,190,-0.08733329176902771
synthetic_10005_0,10005,169,Mourning Warbler,class_169\img10005_aug00.jpg,C:\Users\abuba\OneDrive\Desktop\GEN_AI\project\outputs\samples\synthetic_candidates\class_169\img10005_aug00.jpg,synthetic,foreground_preserving_background_swap,,0.23944874107837677,140,-0.06346391141414642
synthetic_10012_0,10012,170,Myrtle Warbler,class_170\img10012_aug00.jpg,C:\Users\abuba\OneDrive\Desktop\GEN_AI\project\outputs\samples\synthetic_candidates\class_170\img10012_aug00.jpg,synthetic,foreground_preserving_background_swap,,0.3033794164657593,168,-0.011201679706573486
synthetic_10045_0,10045,170,Myrtle Warbler,class_170\img10045_aug00.jpg,C:\Users\abuba\OneDrive\Desktop\GEN_AI\project\outputs\samples\synthetic_candidates\class_170\img10045_aug00.jpg,synthetic,foreground_preserving_background_swap,,0.2722795009613037,98,-0.04705929756164551
synthetic_10120_0,10120,171,Nashville Warbler,class_171\img10120_aug00.jpg,C:\Users\abuba\OneDrive\Desktop\GEN_AI\project\outputs\samples\synthetic_candidates\class_171\img10120_aug00.jpg,synthetic,foreground_preserving_background_swap,,0.33760708570480347,171,0.00393328070640564
synthetic_10087_0,10087,171,Nashville Warbler,class_171\img10087_aug00.jpg,C:\Users\abuba\OneDrive\Desktop\GEN_AI\project\outputs\samples\synthetic_candidates\class_171\img10087_aug00.jpg,synthetic,foreground_preserving_background_swap,,0.34888792037963867,171,0.002253592014312744
synthetic_10144_0,10144,172,Orange crowned Warbler,class_172\img10144_aug00.jpg,C:\Users\abuba\OneDrive\Desktop\GEN_AI\project\outputs\samples\synthetic_candidates\class_172\img10144_aug00.jpg,synthetic,foreground_preserving_background_swap,,0.23468852043151855,138,-0.13357818126678467
synthetic_10148_0,10148,172,Orange crowned Warbler,class_172\img10148_aug00.jpg,C:\Users\abuba\OneDrive\Desktop\GEN_AI\project\outputs\samples\synthetic_candidates\class_172\img10148_aug00.jpg,synthetic,foreground_preserving_background_swap,,0.30774858593940735,175,-0.018262118101119995
synthetic_10212_0,10212,173,Palm Warbler,class_173\img10212_aug00.jpg,C:\Users\abuba\OneDrive\Desktop\GEN_AI\project\outputs\samples\synthetic_candidates\class_173\img10212_aug00.jpg,synthetic,foreground_preserving_background_swap,,0.2501773238182068,12,-0.09201961755752563
synthetic_10214_0,10214,173,Palm Warbler,class_173\img10214_aug00.jpg,C:\Users\abuba\OneDrive\Desktop\GEN_AI\project\outputs\samples\synthetic_candidates\class_173\img10214_aug00.jpg,synthetic,foreground_preserving_background_swap,,0.29107099771499634,170,-0.010004639625549316
synthetic_10283_0,10283,174,Pine Warbler,class_174\img10283_aug00.jpg,C:\Users\abuba\OneDrive\Desktop\GEN_AI\project\outputs\samples\synthetic_candidates\class_174\img10283_aug00.jpg,synthetic,foreground_preserving_background_swap,,0.33489441871643066,174,0.009741783142089844
synthetic_10248_0,10248,174,Pine Warbler,class_174\img10248_aug00.jpg,C:\Users\abuba\OneDrive\Desktop\GEN_AI\project\outputs\samples\synthetic_candidates\class_174\img10248_aug00.jpg,synthetic,foreground_preserving_background_swap,,0.29759448766708374,160,-0.01378566026687622
synthetic_10328_0,10328,175,Prairie Warbler,class_175\img10328_aug00.jpg,C:\Users\abuba\OneDrive\Desktop\GEN_AI\project\outputs\samples\synthetic_candidates\class_175\img10328_aug00.jpg,synthetic,foreground_preserving_background_swap,,0.34044480323791504,175,0.019483208656311035
synthetic_10309_0,10309,175,Prairie Warbler,class_175\img10309_aug00.jpg,C:\Users\abuba\OneDrive\Desktop\GEN_AI\project\outputs\samples\synthetic_candidates\class_175\img10309_aug00.jpg,synthetic,foreground_preserving_background_swap,,0.31649595499038696,175,0.0030522942543029785
synthetic_10388_0,10388,176,Prothonotary Warbler,class_176\img10388_aug00.jpg,C:\Users\abuba\OneDrive\Desktop\GEN_AI\project\outputs\samples\synthetic_candidates\class_176\img10388_aug00.jpg,synthetic,foreground_preserving_background_swap,,0.33599957823753357,176,0.018210619688034058
synthetic_10372_0,10372,176,Prothonotary Warbler,class_176\img10372_aug00.jpg,C:\Users\abuba\OneDrive\Desktop\GEN_AI\project\outputs\samples\synthetic_candidates\class_176\img10372_aug00.jpg,synthetic,foreground_preserving_background_swap,,0.3294268846511841,176,0.00613093376159668
synthetic_10474_0,10474,177,Swainson Warbler,class_177\img10474_aug00.jpg,C:\Users\abuba\OneDrive\Desktop\GEN_AI\project\outputs\samples\synthetic_candidates\class_177\img10474_aug00.jpg,synthetic,foreground_preserving_background_swap,,0.21739140152931213,103,-0.13176456093788147
synthetic_10430_0,10430,177,Swainson Warbler,class_177\img10430_aug00.jpg,C:\Users\abuba\OneDrive\Desktop\GEN_AI\project\outputs\samples\synthetic_candidates\class_177\img10430_aug00.jpg,synthetic,foreground_preserving_background_swap,,0.22828859090805054,173,-0.07808232307434082
synthetic_10512_0,10512,178,Tennessee Warbler,class_178\img10512_aug00.jpg,C:\Users\abuba\OneDrive\Desktop\GEN_AI\project\outputs\samples\synthetic_candidates\class_178\img10512_aug00.jpg,synthetic,foreground_preserving_background_swap,,0.2232889086008072,120,-0.07372544705867767
synthetic_10502_0,10502,178,Tennessee Warbler,class_178\img10502_aug00.jpg,C:\Users\abuba\OneDrive\Desktop\GEN_AI\project\outputs\samples\synthetic_candidates\class_178\img10502_aug00.jpg,synthetic,foreground_preserving_background_swap,,0.34540611505508423,178,0.022850364446640015
synthetic_10589_0,10589,179,Wilson Warbler,class_179\img10589_aug00.jpg,C:\Users\abuba\OneDrive\Desktop\GEN_AI\project\outputs\samples\synthetic_candidates\class_179\img10589_aug00.jpg,synthetic,foreground_preserving_background_swap,,0.30647626519203186,181,-0.01575961709022522
synthetic_10598_0,10598,179,Wilson Warbler,class_179\img10598_aug00.jpg,C:\Users\abuba\OneDrive\Desktop\GEN_AI\project\outputs\samples\synthetic_candidates\class_179\img10598_aug00.jpg,synthetic,foreground_preserving_background_swap,,0.3294771909713745,181,-0.012640774250030518
synthetic_10660_0,10660,180,Worm eating Warbler,class_180\img10660_aug00.jpg,C:\Users\abuba\OneDrive\Desktop\GEN_AI\project\outputs\samples\synthetic_candidates\class_180\img10660_aug00.jpg,synthetic,foreground_preserving_background_swap,,0.2788369357585907,178,-0.041073888540267944
synthetic_10640_0,10640,180,Worm eating Warbler,class_180\img10640_aug00.jpg,C:\Users\abuba\OneDrive\Desktop\GEN_AI\project\outputs\samples\synthetic_candidates\class_180\img10640_aug00.jpg,synthetic,foreground_preserving_background_swap,,0.33946263790130615,180,0.00266420841217041
synthetic_10716_0,10716,181,Yellow Warbler,class_181\img10716_aug00.jpg,C:\Users\abuba\OneDrive\Desktop\GEN_AI\project\outputs\samples\synthetic_candidates\class_181\img10716_aug00.jpg,synthetic,foreground_preserving_background_swap,,0.30493542551994324,175,-0.006870895624160767
synthetic_10694_0,10694,181,Yellow Warbler,class_181\img10694_aug00.jpg,C:\Users\abuba\OneDrive\Desktop\GEN_AI\project\outputs\samples\synthetic_candidates\class_181\img10694_aug00.jpg,synthetic,foreground_preserving_background_swap,,0.238396555185318,13,-0.08573845028877258
synthetic_10772_0,10772,182,Northern Waterthrush,class_182\img10772_aug00.jpg,C:\Users\abuba\OneDrive\Desktop\GEN_AI\project\outputs\samples\synthetic_candidates\class_182\img10772_aug00.jpg,synthetic,foreground_preserving_background_swap,,0.31383973360061646,182,0.011759430170059204
synthetic_10777_0,10777,182,Northern Waterthrush,class_182\img10777_aug00.jpg,C:\Users\abuba\OneDrive\Desktop\GEN_AI\project\outputs\samples\synthetic_candidates\class_182\img10777_aug00.jpg,synthetic,foreground_preserving_background_swap,,0.3020191192626953,183,-0.001997232437133789
synthetic_10785_0,10785,183,Louisiana Waterthrush,class_183\img10785_aug00.jpg,C:\Users\abuba\OneDrive\Desktop\GEN_AI\project\outputs\samples\synthetic_candidates\class_183\img10785_aug00.jpg,synthetic,foreground_preserving_background_swap,,0.3444746136665344,182,-0.01041477918624878
synthetic_10801_0,10801,183,Louisiana Waterthrush,class_183\img10801_aug00.jpg,C:\Users\abuba\OneDrive\Desktop\GEN_AI\project\outputs\samples\synthetic_candidates\class_183\img10801_aug00.jpg,synthetic,foreground_preserving_background_swap,,0.16665539145469666,142,-0.17298898100852966
synthetic_10878_0,10878,184,Bohemian Waxwing,class_184\img10878_aug00.jpg,C:\Users\abuba\OneDrive\Desktop\GEN_AI\project\outputs\samples\synthetic_candidates\class_184\img10878_aug00.jpg,synthetic,foreground_preserving_background_swap,,0.37187647819519043,184,0.017703890800476074
synthetic_10890_0,10890,184,Bohemian Waxwing,class_184\img10890_aug00.jpg,C:\Users\abuba\OneDrive\Desktop\GEN_AI\project\outputs\samples\synthetic_candidates\class_184\img10890_aug00.jpg,synthetic,foreground_preserving_background_swap,,0.3523046374320984,184,0.016527414321899414
synthetic_10932_0,10932,185,Cedar Waxwing,class_185\img10932_aug00.jpg,C:\Users\abuba\OneDrive\Desktop\GEN_AI\project\outputs\samples\synthetic_candidates\class_185\img10932_aug00.jpg,synthetic,foreground_preserving_background_swap,,0.2275192141532898,135,-0.09948056936264038
synthetic_10940_0,10940,185,Cedar Waxwing,class_185\img10940_aug00.jpg,C:\Users\abuba\OneDrive\Desktop\GEN_AI\project\outputs\samples\synthetic_candidates\class_185\img10940_aug00.jpg,synthetic,foreground_preserving_background_swap,,0.3053339719772339,160,-0.01264902949333191
synthetic_10996_0,10996,186,American Three toed Woodpecker,class_186\img10996_aug00.jpg,C:\Users\abuba\OneDrive\Desktop\GEN_AI\project\outputs\samples\synthetic_candidates\class_186\img10996_aug00.jpg,synthetic,foreground_preserving_background_swap,,0.2846083641052246,91,-0.029868662357330322
synthetic_11006_0,11006,186,American Three toed Woodpecker,class_186\img11006_aug00.jpg,C:\Users\abuba\OneDrive\Desktop\GEN_AI\project\outputs\samples\synthetic_candidates\class_186\img11006_aug00.jpg,synthetic,foreground_preserving_background_swap,,0.2681236267089844,102,-0.03509768843650818
synthetic_11014_0,11014,187,Pileated Woodpecker,class_187\img11014_aug00.jpg,C:\Users\abuba\OneDrive\Desktop\GEN_AI\project\outputs\samples\synthetic_candidates\class_187\img11014_aug00.jpg,synthetic,foreground_preserving_background_swap,,0.16846990585327148,160,-0.15638601779937744
synthetic_11060_0,11060,187,Pileated Woodpecker,class_187\img11060_aug00.jpg,C:\Users\abuba\OneDrive\Desktop\GEN_AI\project\outputs\samples\synthetic_candidates\class_187\img11060_aug00.jpg,synthetic,foreground_preserving_background_swap,,0.3316046893596649,187,0.03804019093513489
synthetic_11076_0,11076,188,Red bellied Woodpecker,class_188\img11076_aug00.jpg,C:\Users\abuba\OneDrive\Desktop\GEN_AI\project\outputs\samples\synthetic_candidates\class_188\img11076_aug00.jpg,synthetic,foreground_preserving_background_swap,,0.3351925015449524,188,0.05572953820228577
synthetic_11106_0,11106,188,Red bellied Woodpecker,class_188\img11106_aug00.jpg,C:\Users\abuba\OneDrive\Desktop\GEN_AI\project\outputs\samples\synthetic_candidates\class_188\img11106_aug00.jpg,synthetic,foreground_preserving_background_swap,,0.3233315348625183,188,0.035035014152526855
synthetic_11179_0,11179,189,Red cockaded Woodpecker,class_189\img11179_aug00.jpg,C:\Users\abuba\OneDrive\Desktop\GEN_AI\project\outputs\samples\synthetic_candidates\class_189\img11179_aug00.jpg,synthetic,foreground_preserving_background_swap,,0.23468324542045593,51,-0.06502369046211243
synthetic_11149_0,11149,189,Red cockaded Woodpecker,class_189\img11149_aug00.jpg,C:\Users\abuba\OneDrive\Desktop\GEN_AI\project\outputs\samples\synthetic_candidates\class_189\img11149_aug00.jpg,synthetic,foreground_preserving_background_swap,,0.28067922592163086,80,-0.014805346727371216
synthetic_11243_0,11243,190,Red headed Woodpecker,class_190\img11243_aug00.jpg,C:\Users\abuba\OneDrive\Desktop\GEN_AI\project\outputs\samples\synthetic_candidates\class_190\img11243_aug00.jpg,synthetic,foreground_preserving_background_swap,,0.3245994448661804,190,0.029797226190567017
synthetic_11220_0,11220,190,Red headed Woodpecker,class_190\img11220_aug00.jpg,C:\Users\abuba\OneDrive\Desktop\GEN_AI\project\outputs\samples\synthetic_candidates\class_190\img11220_aug00.jpg,synthetic,foreground_preserving_background_swap,,0.37713223695755005,190,0.07913827896118164
synthetic_11304_0,11304,191,Downy Woodpecker,class_191\img11304_aug00.jpg,C:\Users\abuba\OneDrive\Desktop\GEN_AI\project\outputs\samples\synthetic_candidates\class_191\img11304_aug00.jpg,synthetic,foreground_preserving_background_swap,,0.3478494882583618,191,0.025453805923461914
synthetic_11265_0,11265,191,Downy Woodpecker,class_191\img11265_aug00.jpg,C:\Users\abuba\OneDrive\Desktop\GEN_AI\project\outputs\samples\synthetic_candidates\class_191\img11265_aug00.jpg,synthetic,foreground_preserving_background_swap,,0.3313951790332794,191,0.06039619445800781
synthetic_11350_0,11350,192,Bewick Wren,class_192\img11350_aug00.jpg,C:\Users\abuba\OneDrive\Desktop\GEN_AI\project\outputs\samples\synthetic_candidates\class_192\img11350_aug00.jpg,synthetic,foreground_preserving_background_swap,,0.30653101205825806,195,-0.026815950870513916
synthetic_11319_0,11319,192,Bewick Wren,class_192\img11319_aug00.jpg,C:\Users\abuba\OneDrive\Desktop\GEN_AI\project\outputs\samples\synthetic_candidates\class_192\img11319_aug00.jpg,synthetic,foreground_preserving_background_swap,,0.3089863061904907,196,-0.0192701518535614
synthetic_11428_0,11428,193,Cactus Wren,class_193\img11428_aug00.jpg,C:\Users\abuba\OneDrive\Desktop\GEN_AI\project\outputs\samples\synthetic_candidates\class_193\img11428_aug00.jpg,synthetic,foreground_preserving_background_swap,,0.29289382696151733,197,-0.01911616325378418
synthetic_11412_0,11412,193,Cactus Wren,class_193\img11412_aug00.jpg,C:\Users\abuba\OneDrive\Desktop\GEN_AI\project\outputs\samples\synthetic_candidates\class_193\img11412_aug00.jpg,synthetic,foreground_preserving_background_swap,,0.15326572954654694,20,-0.18978022038936615
synthetic_11484_0,11484,194,Carolina Wren,class_194\img11484_aug00.jpg,C:\Users\abuba\OneDrive\Desktop\GEN_AI\project\outputs\samples\synthetic_candidates\class_194\img11484_aug00.jpg,synthetic,foreground_preserving_background_swap,,0.3596280515193939,194,0.03404882550239563
synthetic_11431_0,11431,194,Carolina Wren,class_194\img11431_aug00.jpg,C:\Users\abuba\OneDrive\Desktop\GEN_AI\project\outputs\samples\synthetic_candidates\class_194\img11431_aug00.jpg,synthetic,foreground_preserving_background_swap,,0.35374563932418823,194,0.03253939747810364
synthetic_11516_0,11516,195,House Wren,class_195\img11516_aug00.jpg,C:\Users\abuba\OneDrive\Desktop\GEN_AI\project\outputs\samples\synthetic_candidates\class_195\img11516_aug00.jpg,synthetic,foreground_preserving_background_swap,,0.3093421161174774,147,-0.000528186559677124
synthetic_11540_0,11540,195,House Wren,class_195\img11540_aug00.jpg,C:\Users\abuba\OneDrive\Desktop\GEN_AI\project\outputs\samples\synthetic_candidates\class_195\img11540_aug00.jpg,synthetic,foreground_preserving_background_swap,,0.30490121245384216,66,-0.02661237120628357
synthetic_11556_0,11556,196,Marsh Wren,class_196\img11556_aug00.jpg,C:\Users\abuba\OneDrive\Desktop\GEN_AI\project\outputs\samples\synthetic_candidates\class_196\img11556_aug00.jpg,synthetic,foreground_preserving_background_swap,,0.31986042857170105,196,0.017024219036102295
synthetic_11606_0,11606,196,Marsh Wren,class_196\img11606_aug00.jpg,C:\Users\abuba\OneDrive\Desktop\GEN_AI\project\outputs\samples\synthetic_candidates\class_196\img11606_aug00.jpg,synthetic,foreground_preserving_background_swap,,0.3113621473312378,194,-0.011784791946411133
synthetic_11640_0,11640,197,Rock Wren,class_197\img11640_aug00.jpg,C:\Users\abuba\OneDrive\Desktop\GEN_AI\project\outputs\samples\synthetic_candidates\class_197\img11640_aug00.jpg,synthetic,foreground_preserving_background_swap,,0.31349343061447144,193,-0.0006975829601287842
synthetic_11655_0,11655,197,Rock Wren,class_197\img11655_aug00.jpg,C:\Users\abuba\OneDrive\Desktop\GEN_AI\project\outputs\samples\synthetic_candidates\class_197\img11655_aug00.jpg,synthetic,foreground_preserving_background_swap,,0.277657151222229,90,-0.019623160362243652
synthetic_11715_0,11715,198,Winter Wren,class_198\img11715_aug00.jpg,C:\Users\abuba\OneDrive\Desktop\GEN_AI\project\outputs\samples\synthetic_candidates\class_198\img11715_aug00.jpg,synthetic,foreground_preserving_background_swap,,0.29253873229026794,199,-0.03332287073135376
synthetic_11708_0,11708,198,Winter Wren,class_198\img11708_aug00.jpg,C:\Users\abuba\OneDrive\Desktop\GEN_AI\project\outputs\samples\synthetic_candidates\class_198\img11708_aug00.jpg,synthetic,foreground_preserving_background_swap,,0.24800771474838257,116,-0.06312111020088196
synthetic_11746_0,11746,199,Common Yellowthroat,class_199\img11746_aug00.jpg,C:\Users\abuba\OneDrive\Desktop\GEN_AI\project\outputs\samples\synthetic_candidates\class_199\img11746_aug00.jpg,synthetic,foreground_preserving_background_swap,,0.36126136779785156,199,0.026453852653503418
synthetic_11752_0,11752,199,Common Yellowthroat,class_199\img11752_aug00.jpg,C:\Users\abuba\OneDrive\Desktop\GEN_AI\project\outputs\samples\synthetic_candidates\class_199\img11752_aug00.jpg,synthetic,foreground_preserving_background_swap,,0.3427755832672119,199,0.015880048274993896
